source_country,local_customer_id,regional_customer_id,mapping_type,mapping_status,mapping_source,effective_from,effective_to
MY,MY-CUST-0001,RCUST-00001,SYNTHETIC_REGIONAL_GROUP,APPROVED_SYNTHETIC,PORTFOLIO_MASTER_DATA_RULE,2024-09-01,
MY,MY-CUST-0002,RCUST-00002,SYNTHETIC_REGIONAL_GROUP,APPROVED_SYNTHETIC,PORTFOLIO_MASTER_DATA_RULE,2024-09-01,
MY,MY-CUST-0003,RCUST-00003,SYNTHETIC_REGIONAL_GROUP,APPROVED_SYNTHETIC,PORTFOLIO_MASTER_DATA_RULE,2024-09-01,
MY,MY-CUST-0004,RCUST-00004,SYNTHETIC_REGIONAL_GROUP,APPROVED_SYNTHETIC,PORTFOLIO_MASTER_DATA_RULE,2024-09-01,
MY,MY-CUST-0005,RCUST-00005,SYNTHETIC_REGIONAL_GROUP,APPROVED_SYNTHETIC,PORTFOLIO_MASTER_DATA_RULE,2024-09-01,
MY,MY-CUST-0006,RCUST-00006,SYNTHETIC_REGIONAL_GROUP,APPROVED_SYNTHETIC,PORTFOLIO_MASTER_DATA_RULE,2024-09-01,
MY,MY-CUST-0007,RCUST-00007,SYNTHETIC_REGIONAL_GROUP,APPROVED_SYNTHETIC,PORTFOLIO_MASTER_DATA_RULE,2024-09-01,
MY,MY-CUST-0008,RCUST-00008,SYNTHETIC_REGIONAL_GROUP,APPROVED_SYNTHETIC,PORTFOLIO_MASTER_DATA_RULE,2024-09-01,
MY,MY-CUST-0009,RCUST-00009,SYNTHETIC_REGIONAL_GROUP,APPROVED_SYNTHETIC,PORTFOLIO_MASTER_DATA_RULE,2024-09-01,
MY,MY-CUST-0010,RCUST-00010,SYNTHETIC_REGIONAL_GROUP,APPROVED_SYNTHETIC,PORTFOLIO_MASTER_DATA_RULE,2024-09-01,
MY,MY-CUST-0011,RCUST-00011,SYNTHETIC_REGIONAL_GROUP,APPROVED_SYNTHETIC,PORTFOLIO_MASTER_DATA_RULE,2024-09-01,
MY,MY-CUST-0012,RCUST-00012,SYNTHETIC_REGIONAL_GROUP,APPROVED_SYNTHETIC,PORTFOLIO_MASTER_DATA_RULE,2024-09-01,
MY,MY-CUST-0013,RCUST-00013,SYNTHETIC_REGIONAL_GROUP,APPROVED_SYNTHETIC,PORTFOLIO_MASTER_DATA_RULE,2024-09-01,
MY,MY-CUST-0014,RCUST-00014,SYNTHETIC_REGIONAL_GROUP,APPROVED_SYNTHETIC,PORTFOLIO_MASTER_DATA_RULE,2024-09-01,
MY,MY-CUST-0015,RCUST-00015,SYNTHETIC_REGIONAL_GROUP,APPROVED_SYNTHETIC,PORTFOLIO_MASTER_DATA_RULE,2024-09-01,
MY,MY-CUST-0016,RCUST-00016,SYNTHETIC_REGIONAL_GROUP,APPROVED_SYNTHETIC,PORTFOLIO_MASTER_DATA_RULE,2024-09-01,
MY,MY-CUST-0017,RCUST-00017,SYNTHETIC_REGIONAL_GROUP,APPROVED_SYNTHETIC,PORTFOLIO_MASTER_DATA_RULE,2024-09-01,
MY,MY-CUST-0018,RCUST-00018,SYNTHETIC_REGIONAL_GROUP,APPROVED_SYNTHETIC,PORTFOLIO_MASTER_DATA_RULE,2024-09-01,
MY,MY-CUST-0019,RCUST-00019,SYNTHETIC_REGIONAL_GROUP,APPROVED_SYNTHETIC,PORTFOLIO_MASTER_DATA_RULE,2024-09-01,
MY,MY-CUST-0020,RCUST-00020,SYNTHETIC_REGIONAL_GROUP,APPROVED_SYNTHETIC,PORTFOLIO_MASTER_DATA_RULE,2024-09-01,
MY,MY-CUST-0021,RCUST-00021,SYNTHETIC_REGIONAL_GROUP,APPROVED_SYNTHETIC,PORTFOLIO_MASTER_DATA_RULE,2024-09-01,
MY,MY-CUST-0022,RCUST-00022,SYNTHETIC_REGIONAL_GROUP,APPROVED_SYNTHETIC,PORTFOLIO_MASTER_DATA_RULE,2024-09-01,
MY,MY-CUST-0023,RCUST-00023,SYNTHETIC_REGIONAL_GROUP,APPROVED_SYNTHETIC,PORTFOLIO_MASTER_DATA_RULE,2024-09-01,
MY,MY-CUST-0024,RCUST-00024,SYNTHETIC_REGIONAL_GROUP,APPROVED_SYNTHETIC,PORTFOLIO_MASTER_DATA_RULE,2024-09-01,
MY,MY-CUST-0025,RCUST-00025,SYNTHETIC_REGIONAL_GROUP,APPROVED_SYNTHETIC,PORTFOLIO_MASTER_DATA_RULE,2024-09-01,
MY,MY-CUST-0026,RCUST-00026,SYNTHETIC_REGIONAL_GROUP,APPROVED_SYNTHETIC,PORTFOLIO_MASTER_DATA_RULE,2024-09-01,
MY,MY-CUST-0027,RCUST-00027,SYNTHETIC_REGIONAL_GROUP,APPROVED_SYNTHETIC,PORTFOLIO_MASTER_DATA_RULE,2024-09-01,
MY,MY-CUST-0028,RCUST-00028,SYNTHETIC_REGIONAL_GROUP,APPROVED_SYNTHETIC,PORTFOLIO_MASTER_DATA_RULE,2024-09-01,
MY,MY-CUST-0029,RCUST-00029,SYNTHETIC_REGIONAL_GROUP,APPROVED_SYNTHETIC,PORTFOLIO_MASTER_DATA_RULE,2024-09-01,
MY,MY-CUST-0030,RCUST-00030,SYNTHETIC_REGIONAL_GROUP,APPROVED_SYNTHETIC,PORTFOLIO_MASTER_DATA_RULE,2024-09-01,
MY,MY-CUST-0031,RCUST-00031,SYNTHETIC_REGIONAL_GROUP,APPROVED_SYNTHETIC,PORTFOLIO_MASTER_DATA_RULE,2024-09-01,
MY,MY-CUST-0032,RCUST-00032,SYNTHETIC_REGIONAL_GROUP,APPROVED_SYNTHETIC,PORTFOLIO_MASTER_DATA_RULE,2024-09-01,
MY,MY-CUST-0033,RCUST-00033,SYNTHETIC_REGIONAL_GROUP,APPROVED_SYNTHETIC,PORTFOLIO_MASTER_DATA_RULE,2024-09-01,
MY,MY-CUST-0034,RCUST-00034,SYNTHETIC_REGIONAL_GROUP,APPROVED_SYNTHETIC,PORTFOLIO_MASTER_DATA_RULE,2024-09-01,
MY,MY-CUST-0035,RCUST-00035,SYNTHETIC_REGIONAL_GROUP,APPROVED_SYNTHETIC,PORTFOLIO_MASTER_DATA_RULE,2024-09-01,
MY,MY-CUST-0036,RCUST-00036,SYNTHETIC_REGIONAL_GROUP,APPROVED_SYNTHETIC,PORTFOLIO_MASTER_DATA_RULE,2024-09-01,
MY,MY-CUST-0037,RCUST-00037,SYNTHETIC_REGIONAL_GROUP,APPROVED_SYNTHETIC,PORTFOLIO_MASTER_DATA_RULE,2024-09-01,
MY,MY-CUST-0038,RCUST-00038,SYNTHETIC_REGIONAL_GROUP,APPROVED_SYNTHETIC,PORTFOLIO_MASTER_DATA_RULE,2024-09-01,
MY,MY-CUST-0039,RCUST-00039,SYNTHETIC_REGIONAL_GROUP,APPROVED_SYNTHETIC,PORTFOLIO_MASTER_DATA_RULE,2024-09-01,
MY,MY-CUST-0040,RCUST-00040,SYNTHETIC_REGIONAL_GROUP,APPROVED_SYNTHETIC,PORTFOLIO_MASTER_DATA_RULE,2024-09-01,
MY,MY-CUST-0041,RCUST-00041,SYNTHETIC_REGIONAL_GROUP,APPROVED_SYNTHETIC,PORTFOLIO_MASTER_DATA_RULE,2024-09-01,
MY,MY-CUST-0042,RCUST-00042,SYNTHETIC_REGIONAL_GROUP,APPROVED_SYNTHETIC,PORTFOLIO_MASTER_DATA_RULE,2024-09-01,
MY,MY-CUST-0043,RCUST-00043,SYNTHETIC_REGIONAL_GROUP,APPROVED_SYNTHETIC,PORTFOLIO_MASTER_DATA_RULE,2024-09-01,
MY,MY-CUST-0044,RCUST-00044,SYNTHETIC_REGIONAL_GROUP,APPROVED_SYNTHETIC,PORTFOLIO_MASTER_DATA_RULE,2024-09-01,
MY,MY-CUST-0045,RCUST-00045,SYNTHETIC_REGIONAL_GROUP,APPROVED_SYNTHETIC,PORTFOLIO_MASTER_DATA_RULE,2024-09-01,
MY,MY-CUST-0046,RCUST-00046,SYNTHETIC_REGIONAL_GROUP,APPROVED_SYNTHETIC,PORTFOLIO_MASTER_DATA_RULE,2024-09-01,
MY,MY-CUST-0047,RCUST-00047,SYNTHETIC_REGIONAL_GROUP,APPROVED_SYNTHETIC,PORTFOLIO_MASTER_DATA_RULE,2024-09-01,
MY,MY-CUST-0048,RCUST-00048,SYNTHETIC_REGIONAL_GROUP,APPROVED_SYNTHETIC,PORTFOLIO_MASTER_DATA_RULE,2024-09-01,
MY,MY-CUST-0049,RCUST-00049,SYNTHETIC_REGIONAL_GROUP,APPROVED_SYNTHETIC,PORTFOLIO_MASTER_DATA_RULE,2024-09-01,
MY,MY-CUST-0050,RCUST-00050,SYNTHETIC_REGIONAL_GROUP,APPROVED_SYNTHETIC,PORTFOLIO_MASTER_DATA_RULE,2024-09-01,
MY,MY-CUST-0051,RCUST-00051,SYNTHETIC_REGIONAL_GROUP,APPROVED_SYNTHETIC,PORTFOLIO_MASTER_DATA_RULE,2024-09-01,
MY,MY-CUST-0052,RCUST-00052,SYNTHETIC_REGIONAL_GROUP,APPROVED_SYNTHETIC,PORTFOLIO_MASTER_DATA_RULE,2024-09-01,
MY,MY-CUST-0053,RCUST-00053,SYNTHETIC_REGIONAL_GROUP,APPROVED_SYNTHETIC,PORTFOLIO_MASTER_DATA_RULE,2024-09-01,
MY,MY-CUST-0054,RCUST-00054,SYNTHETIC_REGIONAL_GROUP,APPROVED_SYNTHETIC,PORTFOLIO_MASTER_DATA_RULE,2024-09-01,
MY,MY-CUST-0055,RCUST-00055,SYNTHETIC_REGIONAL_GROUP,APPROVED_SYNTHETIC,PORTFOLIO_MASTER_DATA_RULE,2024-09-01,
MY,MY-CUST-0056,RCUST-00056,SYNTHETIC_REGIONAL_GROUP,APPROVED_SYNTHETIC,PORTFOLIO_MASTER_DATA_RULE,2024-09-01,
MY,MY-CUST-0057,RCUST-00057,SYNTHETIC_REGIONAL_GROUP,APPROVED_SYNTHETIC,PORTFOLIO_MASTER_DATA_RULE,2024-09-01,
MY,MY-CUST-0058,RCUST-00058,SYNTHETIC_REGIONAL_GROUP,APPROVED_SYNTHETIC,PORTFOLIO_MASTER_DATA_RULE,2024-09-01,
MY,MY-CUST-0059,RCUST-00059,SYNTHETIC_REGIONAL_GROUP,APPROVED_SYNTHETIC,PORTFOLIO_MASTER_DATA_RULE,2024-09-01,
MY,MY-CUST-0060,RCUST-00060,SYNTHETIC_REGIONAL_GROUP,APPROVED_SYNTHETIC,PORTFOLIO_MASTER_DATA_RULE,2024-09-01,
MY,MY-CUST-0061,RCUST-00061,SYNTHETIC_REGIONAL_GROUP,APPROVED_SYNTHETIC,PORTFOLIO_MASTER_DATA_RULE,2024-09-01,
MY,MY-CUST-0062,RCUST-00062,SYNTHETIC_REGIONAL_GROUP,APPROVED_SYNTHETIC,PORTFOLIO_MASTER_DATA_RULE,2024-09-01,
MY,MY-CUST-0063,RCUST-00063,SYNTHETIC_REGIONAL_GROUP,APPROVED_SYNTHETIC,PORTFOLIO_MASTER_DATA_RULE,2024-09-01,
MY,MY-CUST-0064,RCUST-00064,SYNTHETIC_REGIONAL_GROUP,APPROVED_SYNTHETIC,PORTFOLIO_MASTER_DATA_RULE,2024-09-01,
MY,MY-CUST-0065,RCUST-00065,SYNTHETIC_REGIONAL_GROUP,APPROVED_SYNTHETIC,PORTFOLIO_MASTER_DATA_RULE,2024-09-01,
MY,MY-CUST-0066,RCUST-00066,SYNTHETIC_REGIONAL_GROUP,APPROVED_SYNTHETIC,PORTFOLIO_MASTER_DATA_RULE,2024-09-01,
MY,MY-CUST-0067,RCUST-00067,SYNTHETIC_REGIONAL_GROUP,APPROVED_SYNTHETIC,PORTFOLIO_MASTER_DATA_RULE,2024-09-01,
MY,MY-CUST-0068,RCUST-00068,SYNTHETIC_REGIONAL_GROUP,APPROVED_SYNTHETIC,PORTFOLIO_MASTER_DATA_RULE,2024-09-01,
MY,MY-CUST-0069,RCUST-00069,SYNTHETIC_REGIONAL_GROUP,APPROVED_SYNTHETIC,PORTFOLIO_MASTER_DATA_RULE,2024-09-01,
MY,MY-CUST-0070,RCUST-00070,SYNTHETIC_REGIONAL_GROUP,APPROVED_SYNTHETIC,PORTFOLIO_MASTER_DATA_RULE,2024-09-01,
MY,MY-CUST-0071,RCUST-00071,SYNTHETIC_REGIONAL_GROUP,APPROVED_SYNTHETIC,PORTFOLIO_MASTER_DATA_RULE,2024-09-01,
MY,MY-CUST-0072,RCUST-00072,SYNTHETIC_REGIONAL_GROUP,APPROVED_SYNTHETIC,PORTFOLIO_MASTER_DATA_RULE,2024-09-01,
MY,MY-CUST-0073,RCUST-00073,SYNTHETIC_REGIONAL_GROUP,APPROVED_SYNTHETIC,PORTFOLIO_MASTER_DATA_RULE,2024-09-01,
MY,MY-CUST-0074,RCUST-00074,SYNTHETIC_REGIONAL_GROUP,APPROVED_SYNTHETIC,PORTFOLIO_MASTER_DATA_RULE,2024-09-01,
MY,MY-CUST-0075,RCUST-00075,SYNTHETIC_REGIONAL_GROUP,APPROVED_SYNTHETIC,PORTFOLIO_MASTER_DATA_RULE,2024-09-01,
MY,MY-CUST-0076,RCUST-00076,SYNTHETIC_REGIONAL_GROUP,APPROVED_SYNTHETIC,PORTFOLIO_MASTER_DATA_RULE,2024-09-01,
MY,MY-CUST-0077,RCUST-00077,SYNTHETIC_REGIONAL_GROUP,APPROVED_SYNTHETIC,PORTFOLIO_MASTER_DATA_RULE,2024-09-01,
MY,MY-CUST-0078,RCUST-00078,SYNTHETIC_REGIONAL_GROUP,APPROVED_SYNTHETIC,PORTFOLIO_MASTER_DATA_RULE,2024-09-01,
MY,MY-CUST-0079,RCUST-00079,SYNTHETIC_REGIONAL_GROUP,APPROVED_SYNTHETIC,PORTFOLIO_MASTER_DATA_RULE,2024-09-01,
MY,MY-CUST-0080,RCUST-00080,SYNTHETIC_REGIONAL_GROUP,APPROVED_SYNTHETIC,PORTFOLIO_MASTER_DATA_RULE,2024-09-01,
MY,MY-CUST-0081,RCUST-00081,SYNTHETIC_REGIONAL_GROUP,APPROVED_SYNTHETIC,PORTFOLIO_MASTER_DATA_RULE,2024-09-01,
MY,MY-CUST-0082,RCUST-00082,SYNTHETIC_REGIONAL_GROUP,APPROVED_SYNTHETIC,PORTFOLIO_MASTER_DATA_RULE,2024-09-01,
MY,MY-CUST-0083,RCUST-00083,SYNTHETIC_REGIONAL_GROUP,APPROVED_SYNTHETIC,PORTFOLIO_MASTER_DATA_RULE,2024-09-01,
MY,MY-CUST-0084,RCUST-00084,SYNTHETIC_REGIONAL_GROUP,APPROVED_SYNTHETIC,PORTFOLIO_MASTER_DATA_RULE,2024-09-01,
MY,MY-CUST-0085,RCUST-00085,SYNTHETIC_REGIONAL_GROUP,APPROVED_SYNTHETIC,PORTFOLIO_MASTER_DATA_RULE,2024-09-01,
MY,MY-CUST-0086,RCUST-00086,SYNTHETIC_REGIONAL_GROUP,APPROVED_SYNTHETIC,PORTFOLIO_MASTER_DATA_RULE,2024-09-01,
MY,MY-CUST-0087,RCUST-00087,SYNTHETIC_REGIONAL_GROUP,APPROVED_SYNTHETIC,PORTFOLIO_MASTER_DATA_RULE,2024-09-01,
MY,MY-CUST-0088,RCUST-00088,SYNTHETIC_REGIONAL_GROUP,APPROVED_SYNTHETIC,PORTFOLIO_MASTER_DATA_RULE,2024-09-01,
MY,MY-CUST-0089,RCUST-00089,SYNTHETIC_REGIONAL_GROUP,APPROVED_SYNTHETIC,PORTFOLIO_MASTER_DATA_RULE,2024-09-01,
MY,MY-CUST-0090,RCUST-00090,SYNTHETIC_REGIONAL_GROUP,APPROVED_SYNTHETIC,PORTFOLIO_MASTER_DATA_RULE,2024-09-01,
MY,MY-CUST-0091,RCUST-00091,SYNTHETIC_REGIONAL_GROUP,APPROVED_SYNTHETIC,PORTFOLIO_MASTER_DATA_RULE,2024-09-01,
MY,MY-CUST-0092,RCUST-00092,SYNTHETIC_REGIONAL_GROUP,APPROVED_SYNTHETIC,PORTFOLIO_MASTER_DATA_RULE,2024-09-01,
MY,MY-CUST-0093,RCUST-00093,SYNTHETIC_REGIONAL_GROUP,APPROVED_SYNTHETIC,PORTFOLIO_MASTER_DATA_RULE,2024-09-01,
MY,MY-CUST-0094,RCUST-00094,SYNTHETIC_REGIONAL_GROUP,APPROVED_SYNTHETIC,PORTFOLIO_MASTER_DATA_RULE,2024-09-01,
MY,MY-CUST-0095,RCUST-00095,SYNTHETIC_REGIONAL_GROUP,APPROVED_SYNTHETIC,PORTFOLIO_MASTER_DATA_RULE,2024-09-01,
MY,MY-CUST-0096,RCUST-00096,SYNTHETIC_REGIONAL_GROUP,APPROVED_SYNTHETIC,PORTFOLIO_MASTER_DATA_RULE,2024-09-01,
MY,MY-CUST-0097,RCUST-00097,SYNTHETIC_REGIONAL_GROUP,APPROVED_SYNTHETIC,PORTFOLIO_MASTER_DATA_RULE,2024-09-01,
MY,MY-CUST-0098,RCUST-00098,SYNTHETIC_REGIONAL_GROUP,APPROVED_SYNTHETIC,PORTFOLIO_MASTER_DATA_RULE,2024-09-01,
MY,MY-CUST-0099,RCUST-00099,SYNTHETIC_REGIONAL_GROUP,APPROVED_SYNTHETIC,PORTFOLIO_MASTER_DATA_RULE,2024-09-01,
MY,MY-CUST-0100,RCUST-00100,SYNTHETIC_REGIONAL_GROUP,APPROVED_SYNTHETIC,PORTFOLIO_MASTER_DATA_RULE,2024-09-01,
MY,MY-CUST-0101,RCUST-00101,SYNTHETIC_REGIONAL_GROUP,APPROVED_SYNTHETIC,PORTFOLIO_MASTER_DATA_RULE,2024-09-01,
MY,MY-CUST-0102,RCUST-00102,SYNTHETIC_REGIONAL_GROUP,APPROVED_SYNTHETIC,PORTFOLIO_MASTER_DATA_RULE,2024-09-01,
MY,MY-CUST-0103,RCUST-00103,SYNTHETIC_REGIONAL_GROUP,APPROVED_SYNTHETIC,PORTFOLIO_MASTER_DATA_RULE,2024-09-01,
MY,MY-CUST-0104,RCUST-00104,SYNTHETIC_REGIONAL_GROUP,APPROVED_SYNTHETIC,PORTFOLIO_MASTER_DATA_RULE,2024-09-01,
MY,MY-CUST-0105,RCUST-00105,SYNTHETIC_REGIONAL_GROUP,APPROVED_SYNTHETIC,PORTFOLIO_MASTER_DATA_RULE,2024-09-01,
MY,MY-CUST-0106,RCUST-00106,SYNTHETIC_REGIONAL_GROUP,APPROVED_SYNTHETIC,PORTFOLIO_MASTER_DATA_RULE,2024-09-01,
MY,MY-CUST-0107,RCUST-00107,SYNTHETIC_REGIONAL_GROUP,APPROVED_SYNTHETIC,PORTFOLIO_MASTER_DATA_RULE,2024-09-01,
MY,MY-CUST-0108,RCUST-00108,SYNTHETIC_REGIONAL_GROUP,APPROVED_SYNTHETIC,PORTFOLIO_MASTER_DATA_RULE,2024-09-01,
MY,MY-CUST-0109,RCUST-00109,SYNTHETIC_REGIONAL_GROUP,APPROVED_SYNTHETIC,PORTFOLIO_MASTER_DATA_RULE,2024-09-01,
MY,MY-CUST-0110,RCUST-00110,SYNTHETIC_REGIONAL_GROUP,APPROVED_SYNTHETIC,PORTFOLIO_MASTER_DATA_RULE,2024-09-01,
MY,MY-CUST-0111,RCUST-00111,SYNTHETIC_REGIONAL_GROUP,APPROVED_SYNTHETIC,PORTFOLIO_MASTER_DATA_RULE,2024-09-01,
MY,MY-CUST-0112,RCUST-00112,SYNTHETIC_REGIONAL_GROUP,APPROVED_SYNTHETIC,PORTFOLIO_MASTER_DATA_RULE,2024-09-01,
MY,MY-CUST-0113,RCUST-00113,SYNTHETIC_REGIONAL_GROUP,APPROVED_SYNTHETIC,PORTFOLIO_MASTER_DATA_RULE,2024-09-01,
MY,MY-CUST-0114,RCUST-00114,SYNTHETIC_REGIONAL_GROUP,APPROVED_SYNTHETIC,PORTFOLIO_MASTER_DATA_RULE,2024-09-01,
MY,MY-CUST-0115,RCUST-00115,SYNTHETIC_REGIONAL_GROUP,APPROVED_SYNTHETIC,PORTFOLIO_MASTER_DATA_RULE,2024-09-01,
MY,MY-CUST-0116,RCUST-00116,SYNTHETIC_REGIONAL_GROUP,APPROVED_SYNTHETIC,PORTFOLIO_MASTER_DATA_RULE,2024-09-01,
MY,MY-CUST-0117,RCUST-00117,SYNTHETIC_REGIONAL_GROUP,APPROVED_SYNTHETIC,PORTFOLIO_MASTER_DATA_RULE,2024-09-01,
MY,MY-CUST-0118,RCUST-00118,SYNTHETIC_REGIONAL_GROUP,APPROVED_SYNTHETIC,PORTFOLIO_MASTER_DATA_RULE,2024-09-01,
MY,MY-CUST-0119,RCUST-00119,SYNTHETIC_REGIONAL_GROUP,APPROVED_SYNTHETIC,PORTFOLIO_MASTER_DATA_RULE,2024-09-01,
MY,MY-CUST-0120,RCUST-00120,SYNTHETIC_REGIONAL_GROUP,APPROVED_SYNTHETIC,PORTFOLIO_MASTER_DATA_RULE,2024-09-01,
MY,MY-CUST-0121,RCUST-00121,SYNTHETIC_LOCAL_ONLY,APPROVED_SYNTHETIC,PORTFOLIO_MASTER_DATA_RULE,2024-09-01,
MY,MY-CUST-0122,RCUST-00122,SYNTHETIC_LOCAL_ONLY,APPROVED_SYNTHETIC,PORTFOLIO_MASTER_DATA_RULE,2024-09-01,
MY,MY-CUST-0123,RCUST-00123,SYNTHETIC_LOCAL_ONLY,APPROVED_SYNTHETIC,PORTFOLIO_MASTER_DATA_RULE,2024-09-01,
MY,MY-CUST-0124,RCUST-00124,SYNTHETIC_LOCAL_ONLY,APPROVED_SYNTHETIC,PORTFOLIO_MASTER_DATA_RULE,2024-09-01,
MY,MY-CUST-0125,RCUST-00125,SYNTHETIC_LOCAL_ONLY,APPROVED_SYNTHETIC,PORTFOLIO_MASTER_DATA_RULE,2024-09-01,
MY,MY-CUST-0126,RCUST-00126,SYNTHETIC_LOCAL_ONLY,APPROVED_SYNTHETIC,PORTFOLIO_MASTER_DATA_RULE,2024-09-01,
MY,MY-CUST-0127,RCUST-00127,SYNTHETIC_LOCAL_ONLY,APPROVED_SYNTHETIC,PORTFOLIO_MASTER_DATA_RULE,2024-09-01,
MY,MY-CUST-0128,RCUST-00128,SYNTHETIC_LOCAL_ONLY,APPROVED_SYNTHETIC,PORTFOLIO_MASTER_DATA_RULE,2024-09-01,
MY,MY-CUST-0129,RCUST-00129,SYNTHETIC_LOCAL_ONLY,APPROVED_SYNTHETIC,PORTFOLIO_MASTER_DATA_RULE,2024-09-01,
MY,MY-CUST-0130,RCUST-00130,SYNTHETIC_LOCAL_ONLY,APPROVED_SYNTHETIC,PORTFOLIO_MASTER_DATA_RULE,2024-09-01,
MY,MY-CUST-0131,RCUST-00131,SYNTHETIC_LOCAL_ONLY,APPROVED_SYNTHETIC,PORTFOLIO_MASTER_DATA_RULE,2024-09-01,
MY,MY-CUST-0132,RCUST-00132,SYNTHETIC_LOCAL_ONLY,APPROVED_SYNTHETIC,PORTFOLIO_MASTER_DATA_RULE,2024-09-01,
MY,MY-CUST-0133,RCUST-00133,SYNTHETIC_LOCAL_ONLY,APPROVED_SYNTHETIC,PORTFOLIO_MASTER_DATA_RULE,2024-09-01,
MY,MY-CUST-0134,RCUST-00134,SYNTHETIC_LOCAL_ONLY,APPROVED_SYNTHETIC,PORTFOLIO_MASTER_DATA_RULE,2024-09-01,
MY,MY-CUST-0135,RCUST-00135,SYNTHETIC_LOCAL_ONLY,APPROVED_SYNTHETIC,PORTFOLIO_MASTER_DATA_RULE,2024-09-01,
MY,MY-CUST-0136,RCUST-00136,SYNTHETIC_LOCAL_ONLY,APPROVED_SYNTHETIC,PORTFOLIO_MASTER_DATA_RULE,2024-09-01,
MY,MY-CUST-0137,RCUST-00137,SYNTHETIC_LOCAL_ONLY,APPROVED_SYNTHETIC,PORTFOLIO_MASTER_DATA_RULE,2024-09-01,
MY,MY-CUST-0138,RCUST-00138,SYNTHETIC_LOCAL_ONLY,APPROVED_SYNTHETIC,PORTFOLIO_MASTER_DATA_RULE,2024-09-01,
MY,MY-CUST-0139,RCUST-00139,SYNTHETIC_LOCAL_ONLY,APPROVED_SYNTHETIC,PORTFOLIO_MASTER_DATA_RULE,2024-09-01,
MY,MY-CUST-0140,RCUST-00140,SYNTHETIC_LOCAL_ONLY,APPROVED_SYNTHETIC,PORTFOLIO_MASTER_DATA_RULE,2024-09-01,
MY,MY-CUST-0141,RCUST-00141,SYNTHETIC_LOCAL_ONLY,APPROVED_SYNTHETIC,PORTFOLIO_MASTER_DATA_RULE,2024-09-01,
MY,MY-CUST-0142,RCUST-00142,SYNTHETIC_LOCAL_ONLY,APPROVED_SYNTHETIC,PORTFOLIO_MASTER_DATA_RULE,2024-09-01,
MY,MY-CUST-0143,RCUST-00143,SYNTHETIC_LOCAL_ONLY,APPROVED_SYNTHETIC,PORTFOLIO_MASTER_DATA_RULE,2024-09-01,
MY,MY-CUST-0144,RCUST-00144,SYNTHETIC_LOCAL_ONLY,APPROVED_SYNTHETIC,PORTFOLIO_MASTER_DATA_RULE,2024-09-01,
MY,MY-CUST-0145,RCUST-00145,SYNTHETIC_LOCAL_ONLY,APPROVED_SYNTHETIC,PORTFOLIO_MASTER_DATA_RULE,2024-09-01,
MY,MY-CUST-0146,RCUST-00146,SYNTHETIC_LOCAL_ONLY,APPROVED_SYNTHETIC,PORTFOLIO_MASTER_DATA_RULE,2024-09-01,
MY,MY-CUST-0147,RCUST-00147,SYNTHETIC_LOCAL_ONLY,APPROVED_SYNTHETIC,PORTFOLIO_MASTER_DATA_RULE,2024-09-01,
MY,MY-CUST-0148,RCUST-00148,SYNTHETIC_LOCAL_ONLY,APPROVED_SYNTHETIC,PORTFOLIO_MASTER_DATA_RULE,2024-09-01,
MY,MY-CUST-0149,RCUST-00149,SYNTHETIC_LOCAL_ONLY,APPROVED_SYNTHETIC,PORTFOLIO_MASTER_DATA_RULE,2024-09-01,
MY,MY-CUST-0150,RCUST-00150,SYNTHETIC_LOCAL_ONLY,APPROVED_SYNTHETIC,PORTFOLIO_MASTER_DATA_RULE,2024-09-01,
MY,MY-CUST-0151,RCUST-00151,SYNTHETIC_LOCAL_ONLY,APPROVED_SYNTHETIC,PORTFOLIO_MASTER_DATA_RULE,2024-09-01,
MY,MY-CUST-0152,RCUST-00152,SYNTHETIC_LOCAL_ONLY,APPROVED_SYNTHETIC,PORTFOLIO_MASTER_DATA_RULE,2024-09-01,
MY,MY-CUST-0153,RCUST-00153,SYNTHETIC_LOCAL_ONLY,APPROVED_SYNTHETIC,PORTFOLIO_MASTER_DATA_RULE,2024-09-01,
MY,MY-CUST-0154,RCUST-00154,SYNTHETIC_LOCAL_ONLY,APPROVED_SYNTHETIC,PORTFOLIO_MASTER_DATA_RULE,2024-09-01,
MY,MY-CUST-0155,RCUST-00155,SYNTHETIC_LOCAL_ONLY,APPROVED_SYNTHETIC,PORTFOLIO_MASTER_DATA_RULE,2024-09-01,
MY,MY-CUST-0156,RCUST-00156,SYNTHETIC_LOCAL_ONLY,APPROVED_SYNTHETIC,PORTFOLIO_MASTER_DATA_RULE,2024-09-01,
MY,MY-CUST-0157,RCUST-00157,SYNTHETIC_LOCAL_ONLY,APPROVED_SYNTHETIC,PORTFOLIO_MASTER_DATA_RULE,2024-09-01,
MY,MY-CUST-0158,RCUST-00158,SYNTHETIC_LOCAL_ONLY,APPROVED_SYNTHETIC,PORTFOLIO_MASTER_DATA_RULE,2024-09-01,
MY,MY-CUST-0159,RCUST-00159,SYNTHETIC_LOCAL_ONLY,APPROVED_SYNTHETIC,PORTFOLIO_MASTER_DATA_RULE,2024-09-01,
MY,MY-CUST-0160,RCUST-00160,SYNTHETIC_LOCAL_ONLY,APPROVED_SYNTHETIC,PORTFOLIO_MASTER_DATA_RULE,2024-09-01,
MY,MY-CUST-0161,RCUST-00161,SYNTHETIC_LOCAL_ONLY,APPROVED_SYNTHETIC,PORTFOLIO_MASTER_DATA_RULE,2024-09-01,
MY,MY-CUST-0162,RCUST-00162,SYNTHETIC_LOCAL_ONLY,APPROVED_SYNTHETIC,PORTFOLIO_MASTER_DATA_RULE,2024-09-01,
MY,MY-CUST-0163,RCUST-00163,SYNTHETIC_LOCAL_ONLY,APPROVED_SYNTHETIC,PORTFOLIO_MASTER_DATA_RULE,2024-09-01,
MY,MY-CUST-0164,RCUST-00164,SYNTHETIC_LOCAL_ONLY,APPROVED_SYNTHETIC,PORTFOLIO_MASTER_DATA_RULE,2024-09-01,
MY,MY-CUST-0165,RCUST-00165,SYNTHETIC_LOCAL_ONLY,APPROVED_SYNTHETIC,PORTFOLIO_MASTER_DATA_RULE,2024-09-01,
MY,MY-CUST-0166,RCUST-00166,SYNTHETIC_LOCAL_ONLY,APPROVED_SYNTHETIC,PORTFOLIO_MASTER_DATA_RULE,2024-09-01,
MY,MY-CUST-0167,RCUST-00167,SYNTHETIC_LOCAL_ONLY,APPROVED_SYNTHETIC,PORTFOLIO_MASTER_DATA_RULE,2024-09-01,
MY,MY-CUST-0168,RCUST-00168,SYNTHETIC_LOCAL_ONLY,APPROVED_SYNTHETIC,PORTFOLIO_MASTER_DATA_RULE,2024-09-01,
MY,MY-CUST-0169,RCUST-00169,SYNTHETIC_LOCAL_ONLY,APPROVED_SYNTHETIC,PORTFOLIO_MASTER_DATA_RULE,2024-09-01,
MY,MY-CUST-0170,RCUST-00170,SYNTHETIC_LOCAL_ONLY,APPROVED_SYNTHETIC,PORTFOLIO_MASTER_DATA_RULE,2024-09-01,
MY,MY-CUST-0171,RCUST-00171,SYNTHETIC_LOCAL_ONLY,APPROVED_SYNTHETIC,PORTFOLIO_MASTER_DATA_RULE,2024-09-01,
MY,MY-CUST-0172,RCUST-00172,SYNTHETIC_LOCAL_ONLY,APPROVED_SYNTHETIC,PORTFOLIO_MASTER_DATA_RULE,2024-09-01,
MY,MY-CUST-0173,RCUST-00173,SYNTHETIC_LOCAL_ONLY,APPROVED_SYNTHETIC,PORTFOLIO_MASTER_DATA_RULE,2024-09-01,
MY,MY-CUST-0174,RCUST-00174,SYNTHETIC_LOCAL_ONLY,APPROVED_SYNTHETIC,PORTFOLIO_MASTER_DATA_RULE,2024-09-01,
MY,MY-CUST-0175,RCUST-00175,SYNTHETIC_LOCAL_ONLY,APPROVED_SYNTHETIC,PORTFOLIO_MASTER_DATA_RULE,2024-09-01,
MY,MY-CUST-0176,RCUST-00176,SYNTHETIC_LOCAL_ONLY,APPROVED_SYNTHETIC,PORTFOLIO_MASTER_DATA_RULE,2024-09-01,
MY,MY-CUST-0177,RCUST-00177,SYNTHETIC_LOCAL_ONLY,APPROVED_SYNTHETIC,PORTFOLIO_MASTER_DATA_RULE,2024-09-01,
MY,MY-CUST-0178,RCUST-00178,SYNTHETIC_LOCAL_ONLY,APPROVED_SYNTHETIC,PORTFOLIO_MASTER_DATA_RULE,2024-09-01,
MY,MY-CUST-0179,RCUST-00179,SYNTHETIC_LOCAL_ONLY,APPROVED_SYNTHETIC,PORTFOLIO_MASTER_DATA_RULE,2024-09-01,
MY,MY-CUST-0180,RCUST-00180,SYNTHETIC_LOCAL_ONLY,APPROVED_SYNTHETIC,PORTFOLIO_MASTER_DATA_RULE,2024-09-01,
MY,MY-CUST-0181,RCUST-00181,SYNTHETIC_LOCAL_ONLY,APPROVED_SYNTHETIC,PORTFOLIO_MASTER_DATA_RULE,2024-09-01,
MY,MY-CUST-0182,RCUST-00182,SYNTHETIC_LOCAL_ONLY,APPROVED_SYNTHETIC,PORTFOLIO_MASTER_DATA_RULE,2024-09-01,
MY,MY-CUST-0183,RCUST-00183,SYNTHETIC_LOCAL_ONLY,APPROVED_SYNTHETIC,PORTFOLIO_MASTER_DATA_RULE,2024-09-01,
MY,MY-CUST-0184,RCUST-00184,SYNTHETIC_LOCAL_ONLY,APPROVED_SYNTHETIC,PORTFOLIO_MASTER_DATA_RULE,2024-09-01,
MY,MY-CUST-0185,RCUST-00185,SYNTHETIC_LOCAL_ONLY,APPROVED_SYNTHETIC,PORTFOLIO_MASTER_DATA_RULE,2024-09-01,
MY,MY-CUST-0186,RCUST-00186,SYNTHETIC_LOCAL_ONLY,APPROVED_SYNTHETIC,PORTFOLIO_MASTER_DATA_RULE,2024-09-01,
MY,MY-CUST-0187,RCUST-00187,SYNTHETIC_LOCAL_ONLY,APPROVED_SYNTHETIC,PORTFOLIO_MASTER_DATA_RULE,2024-09-01,
MY,MY-CUST-0188,RCUST-00188,SYNTHETIC_LOCAL_ONLY,APPROVED_SYNTHETIC,PORTFOLIO_MASTER_DATA_RULE,2024-09-01,
MY,MY-CUST-0189,RCUST-00189,SYNTHETIC_LOCAL_ONLY,APPROVED_SYNTHETIC,PORTFOLIO_MASTER_DATA_RULE,2024-09-01,
MY,MY-CUST-0190,RCUST-00190,SYNTHETIC_LOCAL_ONLY,APPROVED_SYNTHETIC,PORTFOLIO_MASTER_DATA_RULE,2024-09-01,
MY,MY-CUST-0191,RCUST-00191,SYNTHETIC_LOCAL_ONLY,APPROVED_SYNTHETIC,PORTFOLIO_MASTER_DATA_RULE,2024-09-01,
MY,MY-CUST-0192,RCUST-00192,SYNTHETIC_LOCAL_ONLY,APPROVED_SYNTHETIC,PORTFOLIO_MASTER_DATA_RULE,2024-09-01,
MY,MY-CUST-0193,RCUST-00193,SYNTHETIC_LOCAL_ONLY,APPROVED_SYNTHETIC,PORTFOLIO_MASTER_DATA_RULE,2024-09-01,
MY,MY-CUST-0194,RCUST-00194,SYNTHETIC_LOCAL_ONLY,APPROVED_SYNTHETIC,PORTFOLIO_MASTER_DATA_RULE,2024-09-01,
MY,MY-CUST-0195,RCUST-00195,SYNTHETIC_LOCAL_ONLY,APPROVED_SYNTHETIC,PORTFOLIO_MASTER_DATA_RULE,2024-09-01,
MY,MY-CUST-0196,RCUST-00196,SYNTHETIC_LOCAL_ONLY,APPROVED_SYNTHETIC,PORTFOLIO_MASTER_DATA_RULE,2024-09-01,
MY,MY-CUST-0197,RCUST-00197,SYNTHETIC_LOCAL_ONLY,APPROVED_SYNTHETIC,PORTFOLIO_MASTER_DATA_RULE,2024-09-01,
MY,MY-CUST-0198,RCUST-00198,SYNTHETIC_LOCAL_ONLY,APPROVED_SYNTHETIC,PORTFOLIO_MASTER_DATA_RULE,2024-09-01,
MY,MY-CUST-0199,RCUST-00199,SYNTHETIC_LOCAL_ONLY,APPROVED_SYNTHETIC,PORTFOLIO_MASTER_DATA_RULE,2024-09-01,
MY,MY-CUST-0200,RCUST-00200,SYNTHETIC_LOCAL_ONLY,APPROVED_SYNTHETIC,PORTFOLIO_MASTER_DATA_RULE,2024-09-01,
MY,MY-CUST-0201,RCUST-00201,SYNTHETIC_LOCAL_ONLY,APPROVED_SYNTHETIC,PORTFOLIO_MASTER_DATA_RULE,2024-09-01,
MY,MY-CUST-0202,RCUST-00202,SYNTHETIC_LOCAL_ONLY,APPROVED_SYNTHETIC,PORTFOLIO_MASTER_DATA_RULE,2024-09-01,
MY,MY-CUST-0203,RCUST-00203,SYNTHETIC_LOCAL_ONLY,APPROVED_SYNTHETIC,PORTFOLIO_MASTER_DATA_RULE,2024-09-01,
MY,MY-CUST-0204,RCUST-00204,SYNTHETIC_LOCAL_ONLY,APPROVED_SYNTHETIC,PORTFOLIO_MASTER_DATA_RULE,2024-09-01,
MY,MY-CUST-0205,RCUST-00205,SYNTHETIC_LOCAL_ONLY,APPROVED_SYNTHETIC,PORTFOLIO_MASTER_DATA_RULE,2024-09-01,
MY,MY-CUST-0206,RCUST-00206,SYNTHETIC_LOCAL_ONLY,APPROVED_SYNTHETIC,PORTFOLIO_MASTER_DATA_RULE,2024-09-01,
MY,MY-CUST-0207,RCUST-00207,SYNTHETIC_LOCAL_ONLY,APPROVED_SYNTHETIC,PORTFOLIO_MASTER_DATA_RULE,2024-09-01,
MY,MY-CUST-0208,RCUST-00208,SYNTHETIC_LOCAL_ONLY,APPROVED_SYNTHETIC,PORTFOLIO_MASTER_DATA_RULE,2024-09-01,
MY,MY-CUST-0209,RCUST-00209,SYNTHETIC_LOCAL_ONLY,APPROVED_SYNTHETIC,PORTFOLIO_MASTER_DATA_RULE,2024-09-01,
MY,MY-CUST-0210,RCUST-00210,SYNTHETIC_LOCAL_ONLY,APPROVED_SYNTHETIC,PORTFOLIO_MASTER_DATA_RULE,2024-09-01,
MY,MY-CUST-0211,RCUST-00211,SYNTHETIC_LOCAL_ONLY,APPROVED_SYNTHETIC,PORTFOLIO_MASTER_DATA_RULE,2024-09-01,
MY,MY-CUST-0212,RCUST-00212,SYNTHETIC_LOCAL_ONLY,APPROVED_SYNTHETIC,PORTFOLIO_MASTER_DATA_RULE,2024-09-01,
MY,MY-CUST-0213,RCUST-00213,SYNTHETIC_LOCAL_ONLY,APPROVED_SYNTHETIC,PORTFOLIO_MASTER_DATA_RULE,2024-09-01,
MY,MY-CUST-0214,RCUST-00214,SYNTHETIC_LOCAL_ONLY,APPROVED_SYNTHETIC,PORTFOLIO_MASTER_DATA_RULE,2024-09-01,
MY,MY-CUST-0215,RCUST-00215,SYNTHETIC_LOCAL_ONLY,APPROVED_SYNTHETIC,PORTFOLIO_MASTER_DATA_RULE,2024-09-01,
MY,MY-CUST-0216,RCUST-00216,SYNTHETIC_LOCAL_ONLY,APPROVED_SYNTHETIC,PORTFOLIO_MASTER_DATA_RULE,2024-09-01,
MY,MY-CUST-0217,RCUST-00217,SYNTHETIC_LOCAL_ONLY,APPROVED_SYNTHETIC,PORTFOLIO_MASTER_DATA_RULE,2024-09-01,
MY,MY-CUST-0218,RCUST-00218,SYNTHETIC_LOCAL_ONLY,APPROVED_SYNTHETIC,PORTFOLIO_MASTER_DATA_RULE,2024-09-01,
MY,MY-CUST-0219,RCUST-00219,SYNTHETIC_LOCAL_ONLY,APPROVED_SYNTHETIC,PORTFOLIO_MASTER_DATA_RULE,2024-09-01,
MY,MY-CUST-0220,RCUST-00220,SYNTHETIC_LOCAL_ONLY,APPROVED_SYNTHETIC,PORTFOLIO_MASTER_DATA_RULE,2024-09-01,
MY,MY-CUST-0221,RCUST-00221,SYNTHETIC_LOCAL_ONLY,APPROVED_SYNTHETIC,PORTFOLIO_MASTER_DATA_RULE,2024-09-01,
MY,MY-CUST-0222,RCUST-00222,SYNTHETIC_LOCAL_ONLY,APPROVED_SYNTHETIC,PORTFOLIO_MASTER_DATA_RULE,2024-09-01,
MY,MY-CUST-0223,RCUST-00223,SYNTHETIC_LOCAL_ONLY,APPROVED_SYNTHETIC,PORTFOLIO_MASTER_DATA_RULE,2024-09-01,
MY,MY-CUST-0224,RCUST-00224,SYNTHETIC_LOCAL_ONLY,APPROVED_SYNTHETIC,PORTFOLIO_MASTER_DATA_RULE,2024-09-01,
MY,MY-CUST-0225,RCUST-00225,SYNTHETIC_LOCAL_ONLY,APPROVED_SYNTHETIC,PORTFOLIO_MASTER_DATA_RULE,2024-09-01,
MY,MY-CUST-0226,RCUST-00226,SYNTHETIC_LOCAL_ONLY,APPROVED_SYNTHETIC,PORTFOLIO_MASTER_DATA_RULE,2024-09-01,
MY,MY-CUST-0227,RCUST-00227,SYNTHETIC_LOCAL_ONLY,APPROVED_SYNTHETIC,PORTFOLIO_MASTER_DATA_RULE,2024-09-01,
MY,MY-CUST-0228,RCUST-00228,SYNTHETIC_LOCAL_ONLY,APPROVED_SYNTHETIC,PORTFOLIO_MASTER_DATA_RULE,2024-09-01,
MY,MY-CUST-0229,RCUST-00229,SYNTHETIC_LOCAL_ONLY,APPROVED_SYNTHETIC,PORTFOLIO_MASTER_DATA_RULE,2024-09-01,
MY,MY-CUST-0230,RCUST-00230,SYNTHETIC_LOCAL_ONLY,APPROVED_SYNTHETIC,PORTFOLIO_MASTER_DATA_RULE,2024-09-01,
MY,MY-CUST-0231,RCUST-00231,SYNTHETIC_LOCAL_ONLY,APPROVED_SYNTHETIC,PORTFOLIO_MASTER_DATA_RULE,2024-09-01,
MY,MY-CUST-0232,RCUST-00232,SYNTHETIC_LOCAL_ONLY,APPROVED_SYNTHETIC,PORTFOLIO_MASTER_DATA_RULE,2024-09-01,
MY,MY-CUST-0233,RCUST-00233,SYNTHETIC_LOCAL_ONLY,APPROVED_SYNTHETIC,PORTFOLIO_MASTER_DATA_RULE,2024-09-01,
MY,MY-CUST-0234,RCUST-00234,SYNTHETIC_LOCAL_ONLY,APPROVED_SYNTHETIC,PORTFOLIO_MASTER_DATA_RULE,2024-09-01,
MY,MY-CUST-0235,RCUST-00235,SYNTHETIC_LOCAL_ONLY,APPROVED_SYNTHETIC,PORTFOLIO_MASTER_DATA_RULE,2024-09-01,
MY,MY-CUST-0236,RCUST-00236,SYNTHETIC_LOCAL_ONLY,APPROVED_SYNTHETIC,PORTFOLIO_MASTER_DATA_RULE,2024-09-01,
MY,MY-CUST-0237,RCUST-00237,SYNTHETIC_LOCAL_ONLY,APPROVED_SYNTHETIC,PORTFOLIO_MASTER_DATA_RULE,2024-09-01,
MY,MY-CUST-0238,RCUST-00238,SYNTHETIC_LOCAL_ONLY,APPROVED_SYNTHETIC,PORTFOLIO_MASTER_DATA_RULE,2024-09-01,
MY,MY-CUST-0239,RCUST-00239,SYNTHETIC_LOCAL_ONLY,APPROVED_SYNTHETIC,PORTFOLIO_MASTER_DATA_RULE,2024-09-01,
MY,MY-CUST-0240,RCUST-00240,SYNTHETIC_LOCAL_ONLY,APPROVED_SYNTHETIC,PORTFOLIO_MASTER_DATA_RULE,2024-09-01,
MY,MY-CUST-0241,RCUST-00241,SYNTHETIC_LOCAL_ONLY,APPROVED_SYNTHETIC,PORTFOLIO_MASTER_DATA_RULE,2024-09-01,
MY,MY-CUST-0242,RCUST-00242,SYNTHETIC_LOCAL_ONLY,APPROVED_SYNTHETIC,PORTFOLIO_MASTER_DATA_RULE,2024-09-01,
MY,MY-CUST-0243,RCUST-00243,SYNTHETIC_LOCAL_ONLY,APPROVED_SYNTHETIC,PORTFOLIO_MASTER_DATA_RULE,2024-09-01,
MY,MY-CUST-0244,RCUST-00244,SYNTHETIC_LOCAL_ONLY,APPROVED_SYNTHETIC,PORTFOLIO_MASTER_DATA_RULE,2024-09-01,
MY,MY-CUST-0245,RCUST-00245,SYNTHETIC_LOCAL_ONLY,APPROVED_SYNTHETIC,PORTFOLIO_MASTER_DATA_RULE,2024-09-01,
MY,MY-CUST-0246,RCUST-00246,SYNTHETIC_LOCAL_ONLY,APPROVED_SYNTHETIC,PORTFOLIO_MASTER_DATA_RULE,2024-09-01,
MY,MY-CUST-0247,RCUST-00247,SYNTHETIC_LOCAL_ONLY,APPROVED_SYNTHETIC,PORTFOLIO_MASTER_DATA_RULE,2024-09-01,
MY,MY-CUST-0248,RCUST-00248,SYNTHETIC_LOCAL_ONLY,APPROVED_SYNTHETIC,PORTFOLIO_MASTER_DATA_RULE,2024-09-01,
MY,MY-CUST-0249,RCUST-00249,SYNTHETIC_LOCAL_ONLY,APPROVED_SYNTHETIC,PORTFOLIO_MASTER_DATA_RULE,2024-09-01,
MY,MY-CUST-0250,RCUST-00250,SYNTHETIC_LOCAL_ONLY,APPROVED_SYNTHETIC,PORTFOLIO_MASTER_DATA_RULE,2024-09-01,
MY,MY-CUST-0251,RCUST-00251,SYNTHETIC_LOCAL_ONLY,APPROVED_SYNTHETIC,PORTFOLIO_MASTER_DATA_RULE,2024-09-01,
MY,MY-CUST-0252,RCUST-00252,SYNTHETIC_LOCAL_ONLY,APPROVED_SYNTHETIC,PORTFOLIO_MASTER_DATA_RULE,2024-09-01,
MY,MY-CUST-0253,RCUST-00253,SYNTHETIC_LOCAL_ONLY,APPROVED_SYNTHETIC,PORTFOLIO_MASTER_DATA_RULE,2024-09-01,
MY,MY-CUST-0254,RCUST-00254,SYNTHETIC_LOCAL_ONLY,APPROVED_SYNTHETIC,PORTFOLIO_MASTER_DATA_RULE,2024-09-01,
MY,MY-CUST-0255,RCUST-00255,SYNTHETIC_LOCAL_ONLY,APPROVED_SYNTHETIC,PORTFOLIO_MASTER_DATA_RULE,2024-09-01,
MY,MY-CUST-0256,RCUST-00256,SYNTHETIC_LOCAL_ONLY,APPROVED_SYNTHETIC,PORTFOLIO_MASTER_DATA_RULE,2024-09-01,
MY,MY-CUST-0257,RCUST-00257,SYNTHETIC_LOCAL_ONLY,APPROVED_SYNTHETIC,PORTFOLIO_MASTER_DATA_RULE,2024-09-01,
MY,MY-CUST-0258,RCUST-00258,SYNTHETIC_LOCAL_ONLY,APPROVED_SYNTHETIC,PORTFOLIO_MASTER_DATA_RULE,2024-09-01,
MY,MY-CUST-0259,RCUST-00259,SYNTHETIC_LOCAL_ONLY,APPROVED_SYNTHETIC,PORTFOLIO_MASTER_DATA_RULE,2024-09-01,
MY,MY-CUST-0260,RCUST-00260,SYNTHETIC_LOCAL_ONLY,APPROVED_SYNTHETIC,PORTFOLIO_MASTER_DATA_RULE,2024-09-01,
MY,MY-CUST-0261,RCUST-00261,SYNTHETIC_LOCAL_ONLY,APPROVED_SYNTHETIC,PORTFOLIO_MASTER_DATA_RULE,2024-09-01,
MY,MY-CUST-0262,RCUST-00262,SYNTHETIC_LOCAL_ONLY,APPROVED_SYNTHETIC,PORTFOLIO_MASTER_DATA_RULE,2024-09-01,
MY,MY-CUST-0263,RCUST-00263,SYNTHETIC_LOCAL_ONLY,APPROVED_SYNTHETIC,PORTFOLIO_MASTER_DATA_RULE,2024-09-01,
MY,MY-CUST-0264,RCUST-00264,SYNTHETIC_LOCAL_ONLY,APPROVED_SYNTHETIC,PORTFOLIO_MASTER_DATA_RULE,2024-09-01,
MY,MY-CUST-0265,RCUST-00265,SYNTHETIC_LOCAL_ONLY,APPROVED_SYNTHETIC,PORTFOLIO_MASTER_DATA_RULE,2024-09-01,
MY,MY-CUST-0266,RCUST-00266,SYNTHETIC_LOCAL_ONLY,APPROVED_SYNTHETIC,PORTFOLIO_MASTER_DATA_RULE,2024-09-01,
MY,MY-CUST-0267,RCUST-00267,SYNTHETIC_LOCAL_ONLY,APPROVED_SYNTHETIC,PORTFOLIO_MASTER_DATA_RULE,2024-09-01,
MY,MY-CUST-0268,RCUST-00268,SYNTHETIC_LOCAL_ONLY,APPROVED_SYNTHETIC,PORTFOLIO_MASTER_DATA_RULE,2024-09-01,
MY,MY-CUST-0269,RCUST-00269,SYNTHETIC_LOCAL_ONLY,APPROVED_SYNTHETIC,PORTFOLIO_MASTER_DATA_RULE,2024-09-01,
MY,MY-CUST-0270,RCUST-00270,SYNTHETIC_LOCAL_ONLY,APPROVED_SYNTHETIC,PORTFOLIO_MASTER_DATA_RULE,2024-09-01,
MY,MY-CUST-0271,RCUST-00271,SYNTHETIC_LOCAL_ONLY,APPROVED_SYNTHETIC,PORTFOLIO_MASTER_DATA_RULE,2024-09-01,
MY,MY-CUST-0272,RCUST-00272,SYNTHETIC_LOCAL_ONLY,APPROVED_SYNTHETIC,PORTFOLIO_MASTER_DATA_RULE,2024-09-01,
MY,MY-CUST-0273,RCUST-00273,SYNTHETIC_LOCAL_ONLY,APPROVED_SYNTHETIC,PORTFOLIO_MASTER_DATA_RULE,2024-09-01,
MY,MY-CUST-0274,RCUST-00274,SYNTHETIC_LOCAL_ONLY,APPROVED_SYNTHETIC,PORTFOLIO_MASTER_DATA_RULE,2024-09-01,
MY,MY-CUST-0275,RCUST-00275,SYNTHETIC_LOCAL_ONLY,APPROVED_SYNTHETIC,PORTFOLIO_MASTER_DATA_RULE,2024-09-01,
MY,MY-CUST-0276,RCUST-00276,SYNTHETIC_LOCAL_ONLY,APPROVED_SYNTHETIC,PORTFOLIO_MASTER_DATA_RULE,2024-09-01,
MY,MY-CUST-0277,RCUST-00277,SYNTHETIC_LOCAL_ONLY,APPROVED_SYNTHETIC,PORTFOLIO_MASTER_DATA_RULE,2024-09-01,
MY,MY-CUST-0278,RCUST-00278,SYNTHETIC_LOCAL_ONLY,APPROVED_SYNTHETIC,PORTFOLIO_MASTER_DATA_RULE,2024-09-01,
MY,MY-CUST-0279,RCUST-00279,SYNTHETIC_LOCAL_ONLY,APPROVED_SYNTHETIC,PORTFOLIO_MASTER_DATA_RULE,2024-09-01,
MY,MY-CUST-0280,RCUST-00280,SYNTHETIC_LOCAL_ONLY,APPROVED_SYNTHETIC,PORTFOLIO_MASTER_DATA_RULE,2024-09-01,
MY,MY-CUST-0281,RCUST-00281,SYNTHETIC_LOCAL_ONLY,APPROVED_SYNTHETIC,PORTFOLIO_MASTER_DATA_RULE,2024-09-01,
MY,MY-CUST-0282,RCUST-00282,SYNTHETIC_LOCAL_ONLY,APPROVED_SYNTHETIC,PORTFOLIO_MASTER_DATA_RULE,2024-09-01,
MY,MY-CUST-0283,RCUST-00283,SYNTHETIC_LOCAL_ONLY,APPROVED_SYNTHETIC,PORTFOLIO_MASTER_DATA_RULE,2024-09-01,
MY,MY-CUST-0284,RCUST-00284,SYNTHETIC_LOCAL_ONLY,APPROVED_SYNTHETIC,PORTFOLIO_MASTER_DATA_RULE,2024-09-01,
MY,MY-CUST-0285,RCUST-00285,SYNTHETIC_LOCAL_ONLY,APPROVED_SYNTHETIC,PORTFOLIO_MASTER_DATA_RULE,2024-09-01,
MY,MY-CUST-0286,RCUST-00286,SYNTHETIC_LOCAL_ONLY,APPROVED_SYNTHETIC,PORTFOLIO_MASTER_DATA_RULE,2024-09-01,
MY,MY-CUST-0287,RCUST-00287,SYNTHETIC_LOCAL_ONLY,APPROVED_SYNTHETIC,PORTFOLIO_MASTER_DATA_RULE,2024-09-01,
MY,MY-CUST-0288,RCUST-00288,SYNTHETIC_LOCAL_ONLY,APPROVED_SYNTHETIC,PORTFOLIO_MASTER_DATA_RULE,2024-09-01,
MY,MY-CUST-0289,RCUST-00289,SYNTHETIC_LOCAL_ONLY,APPROVED_SYNTHETIC,PORTFOLIO_MASTER_DATA_RULE,2024-09-01,
MY,MY-CUST-0290,RCUST-00290,SYNTHETIC_LOCAL_ONLY,APPROVED_SYNTHETIC,PORTFOLIO_MASTER_DATA_RULE,2024-09-01,
MY,MY-CUST-0291,RCUST-00291,SYNTHETIC_LOCAL_ONLY,APPROVED_SYNTHETIC,PORTFOLIO_MASTER_DATA_RULE,2024-09-01,
MY,MY-CUST-0292,RCUST-00292,SYNTHETIC_LOCAL_ONLY,APPROVED_SYNTHETIC,PORTFOLIO_MASTER_DATA_RULE,2024-09-01,
MY,MY-CUST-0293,RCUST-00293,SYNTHETIC_LOCAL_ONLY,APPROVED_SYNTHETIC,PORTFOLIO_MASTER_DATA_RULE,2024-09-01,
MY,MY-CUST-0294,RCUST-00294,SYNTHETIC_LOCAL_ONLY,APPROVED_SYNTHETIC,PORTFOLIO_MASTER_DATA_RULE,2024-09-01,
MY,MY-CUST-0295,RCUST-00295,SYNTHETIC_LOCAL_ONLY,APPROVED_SYNTHETIC,PORTFOLIO_MASTER_DATA_RULE,2024-09-01,
MY,MY-CUST-0296,RCUST-00296,SYNTHETIC_LOCAL_ONLY,APPROVED_SYNTHETIC,PORTFOLIO_MASTER_DATA_RULE,2024-09-01,
MY,MY-CUST-0297,RCUST-00297,SYNTHETIC_LOCAL_ONLY,APPROVED_SYNTHETIC,PORTFOLIO_MASTER_DATA_RULE,2024-09-01,
MY,MY-CUST-0298,RCUST-00298,SYNTHETIC_LOCAL_ONLY,APPROVED_SYNTHETIC,PORTFOLIO_MASTER_DATA_RULE,2024-09-01,
MY,MY-CUST-0299,RCUST-00299,SYNTHETIC_LOCAL_ONLY,APPROVED_SYNTHETIC,PORTFOLIO_MASTER_DATA_RULE,2024-09-01,
MY,MY-CUST-0300,RCUST-00300,SYNTHETIC_LOCAL_ONLY,APPROVED_SYNTHETIC,PORTFOLIO_MASTER_DATA_RULE,2024-09-01,
MY,MY-CUST-0301,RCUST-00301,SYNTHETIC_LOCAL_ONLY,APPROVED_SYNTHETIC,PORTFOLIO_MASTER_DATA_RULE,2024-09-01,
MY,MY-CUST-0302,RCUST-00302,SYNTHETIC_LOCAL_ONLY,APPROVED_SYNTHETIC,PORTFOLIO_MASTER_DATA_RULE,2024-09-01,
MY,MY-CUST-0303,RCUST-00303,SYNTHETIC_LOCAL_ONLY,APPROVED_SYNTHETIC,PORTFOLIO_MASTER_DATA_RULE,2024-09-01,
MY,MY-CUST-0304,RCUST-00304,SYNTHETIC_LOCAL_ONLY,APPROVED_SYNTHETIC,PORTFOLIO_MASTER_DATA_RULE,2024-09-01,
MY,MY-CUST-0305,RCUST-00305,SYNTHETIC_LOCAL_ONLY,APPROVED_SYNTHETIC,PORTFOLIO_MASTER_DATA_RULE,2024-09-01,
MY,MY-CUST-0306,RCUST-00306,SYNTHETIC_LOCAL_ONLY,APPROVED_SYNTHETIC,PORTFOLIO_MASTER_DATA_RULE,2024-09-01,
MY,MY-CUST-0307,RCUST-00307,SYNTHETIC_LOCAL_ONLY,APPROVED_SYNTHETIC,PORTFOLIO_MASTER_DATA_RULE,2024-09-01,
MY,MY-CUST-0308,RCUST-00308,SYNTHETIC_LOCAL_ONLY,APPROVED_SYNTHETIC,PORTFOLIO_MASTER_DATA_RULE,2024-09-01,
MY,MY-CUST-0309,RCUST-00309,SYNTHETIC_LOCAL_ONLY,APPROVED_SYNTHETIC,PORTFOLIO_MASTER_DATA_RULE,2024-09-01,
MY,MY-CUST-0310,RCUST-00310,SYNTHETIC_LOCAL_ONLY,APPROVED_SYNTHETIC,PORTFOLIO_MASTER_DATA_RULE,2024-09-01,
MY,MY-CUST-0311,RCUST-00311,SYNTHETIC_LOCAL_ONLY,APPROVED_SYNTHETIC,PORTFOLIO_MASTER_DATA_RULE,2024-09-01,
MY,MY-CUST-0312,RCUST-00312,SYNTHETIC_LOCAL_ONLY,APPROVED_SYNTHETIC,PORTFOLIO_MASTER_DATA_RULE,2024-09-01,
MY,MY-CUST-0313,RCUST-00313,SYNTHETIC_LOCAL_ONLY,APPROVED_SYNTHETIC,PORTFOLIO_MASTER_DATA_RULE,2024-09-01,
MY,MY-CUST-0314,RCUST-00314,SYNTHETIC_LOCAL_ONLY,APPROVED_SYNTHETIC,PORTFOLIO_MASTER_DATA_RULE,2024-09-01,
MY,MY-CUST-0315,RCUST-00315,SYNTHETIC_LOCAL_ONLY,APPROVED_SYNTHETIC,PORTFOLIO_MASTER_DATA_RULE,2024-09-01,
MY,MY-CUST-0316,RCUST-00316,SYNTHETIC_LOCAL_ONLY,APPROVED_SYNTHETIC,PORTFOLIO_MASTER_DATA_RULE,2024-09-01,
MY,MY-CUST-0317,RCUST-00317,SYNTHETIC_LOCAL_ONLY,APPROVED_SYNTHETIC,PORTFOLIO_MASTER_DATA_RULE,2024-09-01,
MY,MY-CUST-0318,RCUST-00318,SYNTHETIC_LOCAL_ONLY,APPROVED_SYNTHETIC,PORTFOLIO_MASTER_DATA_RULE,2024-09-01,
MY,MY-CUST-0319,RCUST-00319,SYNTHETIC_LOCAL_ONLY,APPROVED_SYNTHETIC,PORTFOLIO_MASTER_DATA_RULE,2024-09-01,
MY,MY-CUST-0320,RCUST-00320,SYNTHETIC_LOCAL_ONLY,APPROVED_SYNTHETIC,PORTFOLIO_MASTER_DATA_RULE,2024-09-01,
SG,SG-CUST-0001,RCUST-00001,SYNTHETIC_REGIONAL_GROUP,APPROVED_SYNTHETIC,PORTFOLIO_MASTER_DATA_RULE,2024-09-01,
SG,SG-CUST-0002,RCUST-00002,SYNTHETIC_REGIONAL_GROUP,APPROVED_SYNTHETIC,PORTFOLIO_MASTER_DATA_RULE,2024-09-01,
SG,SG-CUST-0003,RCUST-00003,SYNTHETIC_REGIONAL_GROUP,APPROVED_SYNTHETIC,PORTFOLIO_MASTER_DATA_RULE,2024-09-01,
SG,SG-CUST-0004,RCUST-00004,SYNTHETIC_REGIONAL_GROUP,APPROVED_SYNTHETIC,PORTFOLIO_MASTER_DATA_RULE,2024-09-01,
SG,SG-CUST-0005,RCUST-00005,SYNTHETIC_REGIONAL_GROUP,APPROVED_SYNTHETIC,PORTFOLIO_MASTER_DATA_RULE,2024-09-01,
SG,SG-CUST-0006,RCUST-00006,SYNTHETIC_REGIONAL_GROUP,APPROVED_SYNTHETIC,PORTFOLIO_MASTER_DATA_RULE,2024-09-01,
SG,SG-CUST-0007,RCUST-00007,SYNTHETIC_REGIONAL_GROUP,APPROVED_SYNTHETIC,PORTFOLIO_MASTER_DATA_RULE,2024-09-01,
SG,SG-CUST-0008,RCUST-00008,SYNTHETIC_REGIONAL_GROUP,APPROVED_SYNTHETIC,PORTFOLIO_MASTER_DATA_RULE,2024-09-01,
SG,SG-CUST-0009,RCUST-00009,SYNTHETIC_REGIONAL_GROUP,APPROVED_SYNTHETIC,PORTFOLIO_MASTER_DATA_RULE,2024-09-01,
SG,SG-CUST-0010,RCUST-00010,SYNTHETIC_REGIONAL_GROUP,APPROVED_SYNTHETIC,PORTFOLIO_MASTER_DATA_RULE,2024-09-01,
SG,SG-CUST-0011,RCUST-00011,SYNTHETIC_REGIONAL_GROUP,APPROVED_SYNTHETIC,PORTFOLIO_MASTER_DATA_RULE,2024-09-01,
SG,SG-CUST-0012,RCUST-00012,SYNTHETIC_REGIONAL_GROUP,APPROVED_SYNTHETIC,PORTFOLIO_MASTER_DATA_RULE,2024-09-01,
SG,SG-CUST-0013,RCUST-00013,SYNTHETIC_REGIONAL_GROUP,APPROVED_SYNTHETIC,PORTFOLIO_MASTER_DATA_RULE,2024-09-01,
SG,SG-CUST-0014,RCUST-00014,SYNTHETIC_REGIONAL_GROUP,APPROVED_SYNTHETIC,PORTFOLIO_MASTER_DATA_RULE,2024-09-01,
SG,SG-CUST-0015,RCUST-00015,SYNTHETIC_REGIONAL_GROUP,APPROVED_SYNTHETIC,PORTFOLIO_MASTER_DATA_RULE,2024-09-01,
SG,SG-CUST-0016,RCUST-00016,SYNTHETIC_REGIONAL_GROUP,APPROVED_SYNTHETIC,PORTFOLIO_MASTER_DATA_RULE,2024-09-01,
SG,SG-CUST-0017,RCUST-00017,SYNTHETIC_REGIONAL_GROUP,APPROVED_SYNTHETIC,PORTFOLIO_MASTER_DATA_RULE,2024-09-01,
SG,SG-CUST-0018,RCUST-00018,SYNTHETIC_REGIONAL_GROUP,APPROVED_SYNTHETIC,PORTFOLIO_MASTER_DATA_RULE,2024-09-01,
SG,SG-CUST-0019,RCUST-00019,SYNTHETIC_REGIONAL_GROUP,APPROVED_SYNTHETIC,PORTFOLIO_MASTER_DATA_RULE,2024-09-01,
SG,SG-CUST-0020,RCUST-00020,SYNTHETIC_REGIONAL_GROUP,APPROVED_SYNTHETIC,PORTFOLIO_MASTER_DATA_RULE,2024-09-01,
SG,SG-CUST-0021,RCUST-00021,SYNTHETIC_REGIONAL_GROUP,APPROVED_SYNTHETIC,PORTFOLIO_MASTER_DATA_RULE,2024-09-01,
SG,SG-CUST-0022,RCUST-00022,SYNTHETIC_REGIONAL_GROUP,APPROVED_SYNTHETIC,PORTFOLIO_MASTER_DATA_RULE,2024-09-01,
SG,SG-CUST-0023,RCUST-00023,SYNTHETIC_REGIONAL_GROUP,APPROVED_SYNTHETIC,PORTFOLIO_MASTER_DATA_RULE,2024-09-01,
SG,SG-CUST-0024,RCUST-00024,SYNTHETIC_REGIONAL_GROUP,APPROVED_SYNTHETIC,PORTFOLIO_MASTER_DATA_RULE,2024-09-01,
SG,SG-CUST-0025,RCUST-00025,SYNTHETIC_REGIONAL_GROUP,APPROVED_SYNTHETIC,PORTFOLIO_MASTER_DATA_RULE,2024-09-01,
SG,SG-CUST-0026,RCUST-00026,SYNTHETIC_REGIONAL_GROUP,APPROVED_SYNTHETIC,PORTFOLIO_MASTER_DATA_RULE,2024-09-01,
SG,SG-CUST-0027,RCUST-00027,SYNTHETIC_REGIONAL_GROUP,APPROVED_SYNTHETIC,PORTFOLIO_MASTER_DATA_RULE,2024-09-01,
SG,SG-CUST-0028,RCUST-00028,SYNTHETIC_REGIONAL_GROUP,APPROVED_SYNTHETIC,PORTFOLIO_MASTER_DATA_RULE,2024-09-01,
SG,SG-CUST-0029,RCUST-00029,SYNTHETIC_REGIONAL_GROUP,APPROVED_SYNTHETIC,PORTFOLIO_MASTER_DATA_RULE,2024-09-01,
SG,SG-CUST-0030,RCUST-00030,SYNTHETIC_REGIONAL_GROUP,APPROVED_SYNTHETIC,PORTFOLIO_MASTER_DATA_RULE,2024-09-01,
SG,SG-CUST-0031,RCUST-00031,SYNTHETIC_REGIONAL_GROUP,APPROVED_SYNTHETIC,PORTFOLIO_MASTER_DATA_RULE,2024-09-01,
SG,SG-CUST-0032,RCUST-00032,SYNTHETIC_REGIONAL_GROUP,APPROVED_SYNTHETIC,PORTFOLIO_MASTER_DATA_RULE,2024-09-01,
SG,SG-CUST-0033,RCUST-00033,SYNTHETIC_REGIONAL_GROUP,APPROVED_SYNTHETIC,PORTFOLIO_MASTER_DATA_RULE,2024-09-01,
SG,SG-CUST-0034,RCUST-00034,SYNTHETIC_REGIONAL_GROUP,APPROVED_SYNTHETIC,PORTFOLIO_MASTER_DATA_RULE,2024-09-01,
SG,SG-CUST-0035,RCUST-00035,SYNTHETIC_REGIONAL_GROUP,APPROVED_SYNTHETIC,PORTFOLIO_MASTER_DATA_RULE,2024-09-01,
SG,SG-CUST-0036,RCUST-00036,SYNTHETIC_REGIONAL_GROUP,APPROVED_SYNTHETIC,PORTFOLIO_MASTER_DATA_RULE,2024-09-01,
SG,SG-CUST-0037,RCUST-00037,SYNTHETIC_REGIONAL_GROUP,APPROVED_SYNTHETIC,PORTFOLIO_MASTER_DATA_RULE,2024-09-01,
SG,SG-CUST-0038,RCUST-00038,SYNTHETIC_REGIONAL_GROUP,APPROVED_SYNTHETIC,PORTFOLIO_MASTER_DATA_RULE,2024-09-01,
SG,SG-CUST-0039,RCUST-00039,SYNTHETIC_REGIONAL_GROUP,APPROVED_SYNTHETIC,PORTFOLIO_MASTER_DATA_RULE,2024-09-01,
SG,SG-CUST-0040,RCUST-00040,SYNTHETIC_REGIONAL_GROUP,APPROVED_SYNTHETIC,PORTFOLIO_MASTER_DATA_RULE,2024-09-01,
SG,SG-CUST-0041,RCUST-00041,SYNTHETIC_REGIONAL_GROUP,APPROVED_SYNTHETIC,PORTFOLIO_MASTER_DATA_RULE,2024-09-01,
SG,SG-CUST-0042,RCUST-00042,SYNTHETIC_REGIONAL_GROUP,APPROVED_SYNTHETIC,PORTFOLIO_MASTER_DATA_RULE,2024-09-01,
SG,SG-CUST-0043,RCUST-00043,SYNTHETIC_REGIONAL_GROUP,APPROVED_SYNTHETIC,PORTFOLIO_MASTER_DATA_RULE,2024-09-01,
SG,SG-CUST-0044,RCUST-00044,SYNTHETIC_REGIONAL_GROUP,APPROVED_SYNTHETIC,PORTFOLIO_MASTER_DATA_RULE,2024-09-01,
SG,SG-CUST-0045,RCUST-00045,SYNTHETIC_REGIONAL_GROUP,APPROVED_SYNTHETIC,PORTFOLIO_MASTER_DATA_RULE,2024-09-01,
SG,SG-CUST-0046,RCUST-00046,SYNTHETIC_REGIONAL_GROUP,APPROVED_SYNTHETIC,PORTFOLIO_MASTER_DATA_RULE,2024-09-01,
SG,SG-CUST-0047,RCUST-00047,SYNTHETIC_REGIONAL_GROUP,APPROVED_SYNTHETIC,PORTFOLIO_MASTER_DATA_RULE,2024-09-01,
SG,SG-CUST-0048,RCUST-00048,SYNTHETIC_REGIONAL_GROUP,APPROVED_SYNTHETIC,PORTFOLIO_MASTER_DATA_RULE,2024-09-01,
SG,SG-CUST-0049,RCUST-00049,SYNTHETIC_REGIONAL_GROUP,APPROVED_SYNTHETIC,PORTFOLIO_MASTER_DATA_RULE,2024-09-01,
SG,SG-CUST-0050,RCUST-00050,SYNTHETIC_REGIONAL_GROUP,APPROVED_SYNTHETIC,PORTFOLIO_MASTER_DATA_RULE,2024-09-01,
SG,SG-CUST-0051,RCUST-00051,SYNTHETIC_REGIONAL_GROUP,APPROVED_SYNTHETIC,PORTFOLIO_MASTER_DATA_RULE,2024-09-01,
SG,SG-CUST-0052,RCUST-00052,SYNTHETIC_REGIONAL_GROUP,APPROVED_SYNTHETIC,PORTFOLIO_MASTER_DATA_RULE,2024-09-01,
SG,SG-CUST-0053,RCUST-00053,SYNTHETIC_REGIONAL_GROUP,APPROVED_SYNTHETIC,PORTFOLIO_MASTER_DATA_RULE,2024-09-01,
SG,SG-CUST-0054,RCUST-00054,SYNTHETIC_REGIONAL_GROUP,APPROVED_SYNTHETIC,PORTFOLIO_MASTER_DATA_RULE,2024-09-01,
SG,SG-CUST-0055,RCUST-00055,SYNTHETIC_REGIONAL_GROUP,APPROVED_SYNTHETIC,PORTFOLIO_MASTER_DATA_RULE,2024-09-01,
SG,SG-CUST-0056,RCUST-00056,SYNTHETIC_REGIONAL_GROUP,APPROVED_SYNTHETIC,PORTFOLIO_MASTER_DATA_RULE,2024-09-01,
SG,SG-CUST-0057,RCUST-00057,SYNTHETIC_REGIONAL_GROUP,APPROVED_SYNTHETIC,PORTFOLIO_MASTER_DATA_RULE,2024-09-01,
SG,SG-CUST-0058,RCUST-00058,SYNTHETIC_REGIONAL_GROUP,APPROVED_SYNTHETIC,PORTFOLIO_MASTER_DATA_RULE,2024-09-01,
SG,SG-CUST-0059,RCUST-00059,SYNTHETIC_REGIONAL_GROUP,APPROVED_SYNTHETIC,PORTFOLIO_MASTER_DATA_RULE,2024-09-01,
SG,SG-CUST-0060,RCUST-00060,SYNTHETIC_REGIONAL_GROUP,APPROVED_SYNTHETIC,PORTFOLIO_MASTER_DATA_RULE,2024-09-01,
SG,SG-CUST-0061,RCUST-00061,SYNTHETIC_REGIONAL_GROUP,APPROVED_SYNTHETIC,PORTFOLIO_MASTER_DATA_RULE,2024-09-01,
SG,SG-CUST-0062,RCUST-00062,SYNTHETIC_REGIONAL_GROUP,APPROVED_SYNTHETIC,PORTFOLIO_MASTER_DATA_RULE,2024-09-01,
SG,SG-CUST-0063,RCUST-00063,SYNTHETIC_REGIONAL_GROUP,APPROVED_SYNTHETIC,PORTFOLIO_MASTER_DATA_RULE,2024-09-01,
SG,SG-CUST-0064,RCUST-00064,SYNTHETIC_REGIONAL_GROUP,APPROVED_SYNTHETIC,PORTFOLIO_MASTER_DATA_RULE,2024-09-01,
SG,SG-CUST-0065,RCUST-00065,SYNTHETIC_REGIONAL_GROUP,APPROVED_SYNTHETIC,PORTFOLIO_MASTER_DATA_RULE,2024-09-01,
SG,SG-CUST-0066,RCUST-00066,SYNTHETIC_REGIONAL_GROUP,APPROVED_SYNTHETIC,PORTFOLIO_MASTER_DATA_RULE,2024-09-01,
SG,SG-CUST-0067,RCUST-00067,SYNTHETIC_REGIONAL_GROUP,APPROVED_SYNTHETIC,PORTFOLIO_MASTER_DATA_RULE,2024-09-01,
SG,SG-CUST-0068,RCUST-00068,SYNTHETIC_REGIONAL_GROUP,APPROVED_SYNTHETIC,PORTFOLIO_MASTER_DATA_RULE,2024-09-01,
SG,SG-CUST-0069,RCUST-00069,SYNTHETIC_REGIONAL_GROUP,APPROVED_SYNTHETIC,PORTFOLIO_MASTER_DATA_RULE,2024-09-01,
SG,SG-CUST-0070,RCUST-00070,SYNTHETIC_REGIONAL_GROUP,APPROVED_SYNTHETIC,PORTFOLIO_MASTER_DATA_RULE,2024-09-01,
SG,SG-CUST-0071,RCUST-00071,SYNTHETIC_REGIONAL_GROUP,APPROVED_SYNTHETIC,PORTFOLIO_MASTER_DATA_RULE,2024-09-01,
SG,SG-CUST-0072,RCUST-00072,SYNTHETIC_REGIONAL_GROUP,APPROVED_SYNTHETIC,PORTFOLIO_MASTER_DATA_RULE,2024-09-01,
SG,SG-CUST-0073,RCUST-00073,SYNTHETIC_REGIONAL_GROUP,APPROVED_SYNTHETIC,PORTFOLIO_MASTER_DATA_RULE,2024-09-01,
SG,SG-CUST-0074,RCUST-00074,SYNTHETIC_REGIONAL_GROUP,APPROVED_SYNTHETIC,PORTFOLIO_MASTER_DATA_RULE,2024-09-01,
SG,SG-CUST-0075,RCUST-00075,SYNTHETIC_REGIONAL_GROUP,APPROVED_SYNTHETIC,PORTFOLIO_MASTER_DATA_RULE,2024-09-01,
SG,SG-CUST-0076,RCUST-00076,SYNTHETIC_REGIONAL_GROUP,APPROVED_SYNTHETIC,PORTFOLIO_MASTER_DATA_RULE,2024-09-01,
SG,SG-CUST-0077,RCUST-00077,SYNTHETIC_REGIONAL_GROUP,APPROVED_SYNTHETIC,PORTFOLIO_MASTER_DATA_RULE,2024-09-01,
SG,SG-CUST-0078,RCUST-00078,SYNTHETIC_REGIONAL_GROUP,APPROVED_SYNTHETIC,PORTFOLIO_MASTER_DATA_RULE,2024-09-01,
SG,SG-CUST-0079,RCUST-00079,SYNTHETIC_REGIONAL_GROUP,APPROVED_SYNTHETIC,PORTFOLIO_MASTER_DATA_RULE,2024-09-01,
SG,SG-CUST-0080,RCUST-00080,SYNTHETIC_REGIONAL_GROUP,APPROVED_SYNTHETIC,PORTFOLIO_MASTER_DATA_RULE,2024-09-01,
SG,SG-CUST-0081,RCUST-00081,SYNTHETIC_REGIONAL_GROUP,APPROVED_SYNTHETIC,PORTFOLIO_MASTER_DATA_RULE,2024-09-01,
SG,SG-CUST-0082,RCUST-00082,SYNTHETIC_REGIONAL_GROUP,APPROVED_SYNTHETIC,PORTFOLIO_MASTER_DATA_RULE,2024-09-01,
SG,SG-CUST-0083,RCUST-00083,SYNTHETIC_REGIONAL_GROUP,APPROVED_SYNTHETIC,PORTFOLIO_MASTER_DATA_RULE,2024-09-01,
SG,SG-CUST-0084,RCUST-00084,SYNTHETIC_REGIONAL_GROUP,APPROVED_SYNTHETIC,PORTFOLIO_MASTER_DATA_RULE,2024-09-01,
SG,SG-CUST-0085,RCUST-00085,SYNTHETIC_REGIONAL_GROUP,APPROVED_SYNTHETIC,PORTFOLIO_MASTER_DATA_RULE,2024-09-01,
SG,SG-CUST-0086,RCUST-00086,SYNTHETIC_REGIONAL_GROUP,APPROVED_SYNTHETIC,PORTFOLIO_MASTER_DATA_RULE,2024-09-01,
SG,SG-CUST-0087,RCUST-00087,SYNTHETIC_REGIONAL_GROUP,APPROVED_SYNTHETIC,PORTFOLIO_MASTER_DATA_RULE,2024-09-01,
SG,SG-CUST-0088,RCUST-00088,SYNTHETIC_REGIONAL_GROUP,APPROVED_SYNTHETIC,PORTFOLIO_MASTER_DATA_RULE,2024-09-01,
SG,SG-CUST-0089,RCUST-00089,SYNTHETIC_REGIONAL_GROUP,APPROVED_SYNTHETIC,PORTFOLIO_MASTER_DATA_RULE,2024-09-01,
SG,SG-CUST-0090,RCUST-00090,SYNTHETIC_REGIONAL_GROUP,APPROVED_SYNTHETIC,PORTFOLIO_MASTER_DATA_RULE,2024-09-01,
SG,SG-CUST-0091,RCUST-00091,SYNTHETIC_REGIONAL_GROUP,APPROVED_SYNTHETIC,PORTFOLIO_MASTER_DATA_RULE,2024-09-01,
SG,SG-CUST-0092,RCUST-00092,SYNTHETIC_REGIONAL_GROUP,APPROVED_SYNTHETIC,PORTFOLIO_MASTER_DATA_RULE,2024-09-01,
SG,SG-CUST-0093,RCUST-00093,SYNTHETIC_REGIONAL_GROUP,APPROVED_SYNTHETIC,PORTFOLIO_MASTER_DATA_RULE,2024-09-01,
SG,SG-CUST-0094,RCUST-00094,SYNTHETIC_REGIONAL_GROUP,APPROVED_SYNTHETIC,PORTFOLIO_MASTER_DATA_RULE,2024-09-01,
SG,SG-CUST-0095,RCUST-00095,SYNTHETIC_REGIONAL_GROUP,APPROVED_SYNTHETIC,PORTFOLIO_MASTER_DATA_RULE,2024-09-01,
SG,SG-CUST-0096,RCUST-00096,SYNTHETIC_REGIONAL_GROUP,APPROVED_SYNTHETIC,PORTFOLIO_MASTER_DATA_RULE,2024-09-01,
SG,SG-CUST-0097,RCUST-00097,SYNTHETIC_REGIONAL_GROUP,APPROVED_SYNTHETIC,PORTFOLIO_MASTER_DATA_RULE,2024-09-01,
SG,SG-CUST-0098,RCUST-00098,SYNTHETIC_REGIONAL_GROUP,APPROVED_SYNTHETIC,PORTFOLIO_MASTER_DATA_RULE,2024-09-01,
SG,SG-CUST-0099,RCUST-00099,SYNTHETIC_REGIONAL_GROUP,APPROVED_SYNTHETIC,PORTFOLIO_MASTER_DATA_RULE,2024-09-01,
SG,SG-CUST-0100,RCUST-00100,SYNTHETIC_REGIONAL_GROUP,APPROVED_SYNTHETIC,PORTFOLIO_MASTER_DATA_RULE,2024-09-01,
SG,SG-CUST-0101,RCUST-00101,SYNTHETIC_REGIONAL_GROUP,APPROVED_SYNTHETIC,PORTFOLIO_MASTER_DATA_RULE,2024-09-01,
SG,SG-CUST-0102,RCUST-00102,SYNTHETIC_REGIONAL_GROUP,APPROVED_SYNTHETIC,PORTFOLIO_MASTER_DATA_RULE,2024-09-01,
SG,SG-CUST-0103,RCUST-00103,SYNTHETIC_REGIONAL_GROUP,APPROVED_SYNTHETIC,PORTFOLIO_MASTER_DATA_RULE,2024-09-01,
SG,SG-CUST-0104,RCUST-00104,SYNTHETIC_REGIONAL_GROUP,APPROVED_SYNTHETIC,PORTFOLIO_MASTER_DATA_RULE,2024-09-01,
SG,SG-CUST-0105,RCUST-00105,SYNTHETIC_REGIONAL_GROUP,APPROVED_SYNTHETIC,PORTFOLIO_MASTER_DATA_RULE,2024-09-01,
SG,SG-CUST-0106,RCUST-00106,SYNTHETIC_REGIONAL_GROUP,APPROVED_SYNTHETIC,PORTFOLIO_MASTER_DATA_RULE,2024-09-01,
SG,SG-CUST-0107,RCUST-00107,SYNTHETIC_REGIONAL_GROUP,APPROVED_SYNTHETIC,PORTFOLIO_MASTER_DATA_RULE,2024-09-01,
SG,SG-CUST-0108,RCUST-00108,SYNTHETIC_REGIONAL_GROUP,APPROVED_SYNTHETIC,PORTFOLIO_MASTER_DATA_RULE,2024-09-01,
SG,SG-CUST-0109,RCUST-00109,SYNTHETIC_REGIONAL_GROUP,APPROVED_SYNTHETIC,PORTFOLIO_MASTER_DATA_RULE,2024-09-01,
SG,SG-CUST-0110,RCUST-00110,SYNTHETIC_REGIONAL_GROUP,APPROVED_SYNTHETIC,PORTFOLIO_MASTER_DATA_RULE,2024-09-01,
SG,SG-CUST-0111,RCUST-00111,SYNTHETIC_REGIONAL_GROUP,APPROVED_SYNTHETIC,PORTFOLIO_MASTER_DATA_RULE,2024-09-01,
SG,SG-CUST-0112,RCUST-00112,SYNTHETIC_REGIONAL_GROUP,APPROVED_SYNTHETIC,PORTFOLIO_MASTER_DATA_RULE,2024-09-01,
SG,SG-CUST-0113,RCUST-00113,SYNTHETIC_REGIONAL_GROUP,APPROVED_SYNTHETIC,PORTFOLIO_MASTER_DATA_RULE,2024-09-01,
SG,SG-CUST-0114,RCUST-00114,SYNTHETIC_REGIONAL_GROUP,APPROVED_SYNTHETIC,PORTFOLIO_MASTER_DATA_RULE,2024-09-01,
SG,SG-CUST-0115,RCUST-00115,SYNTHETIC_REGIONAL_GROUP,APPROVED_SYNTHETIC,PORTFOLIO_MASTER_DATA_RULE,2024-09-01,
SG,SG-CUST-0116,RCUST-00116,SYNTHETIC_REGIONAL_GROUP,APPROVED_SYNTHETIC,PORTFOLIO_MASTER_DATA_RULE,2024-09-01,
SG,SG-CUST-0117,RCUST-00117,SYNTHETIC_REGIONAL_GROUP,APPROVED_SYNTHETIC,PORTFOLIO_MASTER_DATA_RULE,2024-09-01,
SG,SG-CUST-0118,RCUST-00118,SYNTHETIC_REGIONAL_GROUP,APPROVED_SYNTHETIC,PORTFOLIO_MASTER_DATA_RULE,2024-09-01,
SG,SG-CUST-0119,RCUST-00119,SYNTHETIC_REGIONAL_GROUP,APPROVED_SYNTHETIC,PORTFOLIO_MASTER_DATA_RULE,2024-09-01,
SG,SG-CUST-0120,RCUST-00120,SYNTHETIC_REGIONAL_GROUP,APPROVED_SYNTHETIC,PORTFOLIO_MASTER_DATA_RULE,2024-09-01,
SG,SG-CUST-0121,RCUST-00321,SYNTHETIC_LOCAL_ONLY,APPROVED_SYNTHETIC,PORTFOLIO_MASTER_DATA_RULE,2024-09-01,
SG,SG-CUST-0122,RCUST-00322,SYNTHETIC_LOCAL_ONLY,APPROVED_SYNTHETIC,PORTFOLIO_MASTER_DATA_RULE,2024-09-01,
SG,SG-CUST-0123,RCUST-00323,SYNTHETIC_LOCAL_ONLY,APPROVED_SYNTHETIC,PORTFOLIO_MASTER_DATA_RULE,2024-09-01,
SG,SG-CUST-0124,RCUST-00324,SYNTHETIC_LOCAL_ONLY,APPROVED_SYNTHETIC,PORTFOLIO_MASTER_DATA_RULE,2024-09-01,
SG,SG-CUST-0125,RCUST-00325,SYNTHETIC_LOCAL_ONLY,APPROVED_SYNTHETIC,PORTFOLIO_MASTER_DATA_RULE,2024-09-01,
SG,SG-CUST-0126,RCUST-00326,SYNTHETIC_LOCAL_ONLY,APPROVED_SYNTHETIC,PORTFOLIO_MASTER_DATA_RULE,2024-09-01,
SG,SG-CUST-0127,RCUST-00327,SYNTHETIC_LOCAL_ONLY,APPROVED_SYNTHETIC,PORTFOLIO_MASTER_DATA_RULE,2024-09-01,
SG,SG-CUST-0128,RCUST-00328,SYNTHETIC_LOCAL_ONLY,APPROVED_SYNTHETIC,PORTFOLIO_MASTER_DATA_RULE,2024-09-01,
SG,SG-CUST-0129,RCUST-00329,SYNTHETIC_LOCAL_ONLY,APPROVED_SYNTHETIC,PORTFOLIO_MASTER_DATA_RULE,2024-09-01,
SG,SG-CUST-0130,RCUST-00330,SYNTHETIC_LOCAL_ONLY,APPROVED_SYNTHETIC,PORTFOLIO_MASTER_DATA_RULE,2024-09-01,
SG,SG-CUST-0131,RCUST-00331,SYNTHETIC_LOCAL_ONLY,APPROVED_SYNTHETIC,PORTFOLIO_MASTER_DATA_RULE,2024-09-01,
SG,SG-CUST-0132,RCUST-00332,SYNTHETIC_LOCAL_ONLY,APPROVED_SYNTHETIC,PORTFOLIO_MASTER_DATA_RULE,2024-09-01,
SG,SG-CUST-0133,RCUST-00333,SYNTHETIC_LOCAL_ONLY,APPROVED_SYNTHETIC,PORTFOLIO_MASTER_DATA_RULE,2024-09-01,
SG,SG-CUST-0134,RCUST-00334,SYNTHETIC_LOCAL_ONLY,APPROVED_SYNTHETIC,PORTFOLIO_MASTER_DATA_RULE,2024-09-01,
SG,SG-CUST-0135,RCUST-00335,SYNTHETIC_LOCAL_ONLY,APPROVED_SYNTHETIC,PORTFOLIO_MASTER_DATA_RULE,2024-09-01,
SG,SG-CUST-0136,RCUST-00336,SYNTHETIC_LOCAL_ONLY,APPROVED_SYNTHETIC,PORTFOLIO_MASTER_DATA_RULE,2024-09-01,
SG,SG-CUST-0137,RCUST-00337,SYNTHETIC_LOCAL_ONLY,APPROVED_SYNTHETIC,PORTFOLIO_MASTER_DATA_RULE,2024-09-01,
SG,SG-CUST-0138,RCUST-00338,SYNTHETIC_LOCAL_ONLY,APPROVED_SYNTHETIC,PORTFOLIO_MASTER_DATA_RULE,2024-09-01,
SG,SG-CUST-0139,RCUST-00339,SYNTHETIC_LOCAL_ONLY,APPROVED_SYNTHETIC,PORTFOLIO_MASTER_DATA_RULE,2024-09-01,
SG,SG-CUST-0140,RCUST-00340,SYNTHETIC_LOCAL_ONLY,APPROVED_SYNTHETIC,PORTFOLIO_MASTER_DATA_RULE,2024-09-01,
SG,SG-CUST-0141,RCUST-00341,SYNTHETIC_LOCAL_ONLY,APPROVED_SYNTHETIC,PORTFOLIO_MASTER_DATA_RULE,2024-09-01,
SG,SG-CUST-0142,RCUST-00342,SYNTHETIC_LOCAL_ONLY,APPROVED_SYNTHETIC,PORTFOLIO_MASTER_DATA_RULE,2024-09-01,
SG,SG-CUST-0143,RCUST-00343,SYNTHETIC_LOCAL_ONLY,APPROVED_SYNTHETIC,PORTFOLIO_MASTER_DATA_RULE,2024-09-01,
SG,SG-CUST-0144,RCUST-00344,SYNTHETIC_LOCAL_ONLY,APPROVED_SYNTHETIC,PORTFOLIO_MASTER_DATA_RULE,2024-09-01,
SG,SG-CUST-0145,RCUST-00345,SYNTHETIC_LOCAL_ONLY,APPROVED_SYNTHETIC,PORTFOLIO_MASTER_DATA_RULE,2024-09-01,
SG,SG-CUST-0146,RCUST-00346,SYNTHETIC_LOCAL_ONLY,APPROVED_SYNTHETIC,PORTFOLIO_MASTER_DATA_RULE,2024-09-01,
SG,SG-CUST-0147,RCUST-00347,SYNTHETIC_LOCAL_ONLY,APPROVED_SYNTHETIC,PORTFOLIO_MASTER_DATA_RULE,2024-09-01,
SG,SG-CUST-0148,RCUST-00348,SYNTHETIC_LOCAL_ONLY,APPROVED_SYNTHETIC,PORTFOLIO_MASTER_DATA_RULE,2024-09-01,
SG,SG-CUST-0149,RCUST-00349,SYNTHETIC_LOCAL_ONLY,APPROVED_SYNTHETIC,PORTFOLIO_MASTER_DATA_RULE,2024-09-01,
SG,SG-CUST-0150,RCUST-00350,SYNTHETIC_LOCAL_ONLY,APPROVED_SYNTHETIC,PORTFOLIO_MASTER_DATA_RULE,2024-09-01,
SG,SG-CUST-0151,RCUST-00351,SYNTHETIC_LOCAL_ONLY,APPROVED_SYNTHETIC,PORTFOLIO_MASTER_DATA_RULE,2024-09-01,
SG,SG-CUST-0152,RCUST-00352,SYNTHETIC_LOCAL_ONLY,APPROVED_SYNTHETIC,PORTFOLIO_MASTER_DATA_RULE,2024-09-01,
SG,SG-CUST-0153,RCUST-00353,SYNTHETIC_LOCAL_ONLY,APPROVED_SYNTHETIC,PORTFOLIO_MASTER_DATA_RULE,2024-09-01,
SG,SG-CUST-0154,RCUST-00354,SYNTHETIC_LOCAL_ONLY,APPROVED_SYNTHETIC,PORTFOLIO_MASTER_DATA_RULE,2024-09-01,
SG,SG-CUST-0155,RCUST-00355,SYNTHETIC_LOCAL_ONLY,APPROVED_SYNTHETIC,PORTFOLIO_MASTER_DATA_RULE,2024-09-01,
SG,SG-CUST-0156,RCUST-00356,SYNTHETIC_LOCAL_ONLY,APPROVED_SYNTHETIC,PORTFOLIO_MASTER_DATA_RULE,2024-09-01,
SG,SG-CUST-0157,RCUST-00357,SYNTHETIC_LOCAL_ONLY,APPROVED_SYNTHETIC,PORTFOLIO_MASTER_DATA_RULE,2024-09-01,
SG,SG-CUST-0158,RCUST-00358,SYNTHETIC_LOCAL_ONLY,APPROVED_SYNTHETIC,PORTFOLIO_MASTER_DATA_RULE,2024-09-01,
SG,SG-CUST-0159,RCUST-00359,SYNTHETIC_LOCAL_ONLY,APPROVED_SYNTHETIC,PORTFOLIO_MASTER_DATA_RULE,2024-09-01,
SG,SG-CUST-0160,RCUST-00360,SYNTHETIC_LOCAL_ONLY,APPROVED_SYNTHETIC,PORTFOLIO_MASTER_DATA_RULE,2024-09-01,
SG,SG-CUST-0161,RCUST-00361,SYNTHETIC_LOCAL_ONLY,APPROVED_SYNTHETIC,PORTFOLIO_MASTER_DATA_RULE,2024-09-01,
SG,SG-CUST-0162,RCUST-00362,SYNTHETIC_LOCAL_ONLY,APPROVED_SYNTHETIC,PORTFOLIO_MASTER_DATA_RULE,2024-09-01,
SG,SG-CUST-0163,RCUST-00363,SYNTHETIC_LOCAL_ONLY,APPROVED_SYNTHETIC,PORTFOLIO_MASTER_DATA_RULE,2024-09-01,
SG,SG-CUST-0164,RCUST-00364,SYNTHETIC_LOCAL_ONLY,APPROVED_SYNTHETIC,PORTFOLIO_MASTER_DATA_RULE,2024-09-01,
SG,SG-CUST-0165,RCUST-00365,SYNTHETIC_LOCAL_ONLY,APPROVED_SYNTHETIC,PORTFOLIO_MASTER_DATA_RULE,2024-09-01,
SG,SG-CUST-0166,RCUST-00366,SYNTHETIC_LOCAL_ONLY,APPROVED_SYNTHETIC,PORTFOLIO_MASTER_DATA_RULE,2024-09-01,
SG,SG-CUST-0167,RCUST-00367,SYNTHETIC_LOCAL_ONLY,APPROVED_SYNTHETIC,PORTFOLIO_MASTER_DATA_RULE,2024-09-01,
SG,SG-CUST-0168,RCUST-00368,SYNTHETIC_LOCAL_ONLY,APPROVED_SYNTHETIC,PORTFOLIO_MASTER_DATA_RULE,2024-09-01,
SG,SG-CUST-0169,RCUST-00369,SYNTHETIC_LOCAL_ONLY,APPROVED_SYNTHETIC,PORTFOLIO_MASTER_DATA_RULE,2024-09-01,
SG,SG-CUST-0170,RCUST-00370,SYNTHETIC_LOCAL_ONLY,APPROVED_SYNTHETIC,PORTFOLIO_MASTER_DATA_RULE,2024-09-01,
SG,SG-CUST-0171,RCUST-00371,SYNTHETIC_LOCAL_ONLY,APPROVED_SYNTHETIC,PORTFOLIO_MASTER_DATA_RULE,2024-09-01,
SG,SG-CUST-0172,RCUST-00372,SYNTHETIC_LOCAL_ONLY,APPROVED_SYNTHETIC,PORTFOLIO_MASTER_DATA_RULE,2024-09-01,
SG,SG-CUST-0173,RCUST-00373,SYNTHETIC_LOCAL_ONLY,APPROVED_SYNTHETIC,PORTFOLIO_MASTER_DATA_RULE,2024-09-01,
SG,SG-CUST-0174,RCUST-00374,SYNTHETIC_LOCAL_ONLY,APPROVED_SYNTHETIC,PORTFOLIO_MASTER_DATA_RULE,2024-09-01,
SG,SG-CUST-0175,RCUST-00375,SYNTHETIC_LOCAL_ONLY,APPROVED_SYNTHETIC,PORTFOLIO_MASTER_DATA_RULE,2024-09-01,
SG,SG-CUST-0176,RCUST-00376,SYNTHETIC_LOCAL_ONLY,APPROVED_SYNTHETIC,PORTFOLIO_MASTER_DATA_RULE,2024-09-01,
SG,SG-CUST-0177,RCUST-00377,SYNTHETIC_LOCAL_ONLY,APPROVED_SYNTHETIC,PORTFOLIO_MASTER_DATA_RULE,2024-09-01,
SG,SG-CUST-0178,RCUST-00378,SYNTHETIC_LOCAL_ONLY,APPROVED_SYNTHETIC,PORTFOLIO_MASTER_DATA_RULE,2024-09-01,
SG,SG-CUST-0179,RCUST-00379,SYNTHETIC_LOCAL_ONLY,APPROVED_SYNTHETIC,PORTFOLIO_MASTER_DATA_RULE,2024-09-01,
SG,SG-CUST-0180,RCUST-00380,SYNTHETIC_LOCAL_ONLY,APPROVED_SYNTHETIC,PORTFOLIO_MASTER_DATA_RULE,2024-09-01,
SG,SG-CUST-0181,RCUST-00381,SYNTHETIC_LOCAL_ONLY,APPROVED_SYNTHETIC,PORTFOLIO_MASTER_DATA_RULE,2024-09-01,
SG,SG-CUST-0182,RCUST-00382,SYNTHETIC_LOCAL_ONLY,APPROVED_SYNTHETIC,PORTFOLIO_MASTER_DATA_RULE,2024-09-01,
SG,SG-CUST-0183,RCUST-00383,SYNTHETIC_LOCAL_ONLY,APPROVED_SYNTHETIC,PORTFOLIO_MASTER_DATA_RULE,2024-09-01,
SG,SG-CUST-0184,RCUST-00384,SYNTHETIC_LOCAL_ONLY,APPROVED_SYNTHETIC,PORTFOLIO_MASTER_DATA_RULE,2024-09-01,
SG,SG-CUST-0185,RCUST-00385,SYNTHETIC_LOCAL_ONLY,APPROVED_SYNTHETIC,PORTFOLIO_MASTER_DATA_RULE,2024-09-01,
SG,SG-CUST-0186,RCUST-00386,SYNTHETIC_LOCAL_ONLY,APPROVED_SYNTHETIC,PORTFOLIO_MASTER_DATA_RULE,2024-09-01,
SG,SG-CUST-0187,RCUST-00387,SYNTHETIC_LOCAL_ONLY,APPROVED_SYNTHETIC,PORTFOLIO_MASTER_DATA_RULE,2024-09-01,
SG,SG-CUST-0188,RCUST-00388,SYNTHETIC_LOCAL_ONLY,APPROVED_SYNTHETIC,PORTFOLIO_MASTER_DATA_RULE,2024-09-01,
SG,SG-CUST-0189,RCUST-00389,SYNTHETIC_LOCAL_ONLY,APPROVED_SYNTHETIC,PORTFOLIO_MASTER_DATA_RULE,2024-09-01,
SG,SG-CUST-0190,RCUST-00390,SYNTHETIC_LOCAL_ONLY,APPROVED_SYNTHETIC,PORTFOLIO_MASTER_DATA_RULE,2024-09-01,
SG,SG-CUST-0191,RCUST-00391,SYNTHETIC_LOCAL_ONLY,APPROVED_SYNTHETIC,PORTFOLIO_MASTER_DATA_RULE,2024-09-01,
SG,SG-CUST-0192,RCUST-00392,SYNTHETIC_LOCAL_ONLY,APPROVED_SYNTHETIC,PORTFOLIO_MASTER_DATA_RULE,2024-09-01,
SG,SG-CUST-0193,RCUST-00393,SYNTHETIC_LOCAL_ONLY,APPROVED_SYNTHETIC,PORTFOLIO_MASTER_DATA_RULE,2024-09-01,
SG,SG-CUST-0194,RCUST-00394,SYNTHETIC_LOCAL_ONLY,APPROVED_SYNTHETIC,PORTFOLIO_MASTER_DATA_RULE,2024-09-01,
SG,SG-CUST-0195,RCUST-00395,SYNTHETIC_LOCAL_ONLY,APPROVED_SYNTHETIC,PORTFOLIO_MASTER_DATA_RULE,2024-09-01,
SG,SG-CUST-0196,RCUST-00396,SYNTHETIC_LOCAL_ONLY,APPROVED_SYNTHETIC,PORTFOLIO_MASTER_DATA_RULE,2024-09-01,
SG,SG-CUST-0197,RCUST-00397,SYNTHETIC_LOCAL_ONLY,APPROVED_SYNTHETIC,PORTFOLIO_MASTER_DATA_RULE,2024-09-01,
SG,SG-CUST-0198,RCUST-00398,SYNTHETIC_LOCAL_ONLY,APPROVED_SYNTHETIC,PORTFOLIO_MASTER_DATA_RULE,2024-09-01,
SG,SG-CUST-0199,RCUST-00399,SYNTHETIC_LOCAL_ONLY,APPROVED_SYNTHETIC,PORTFOLIO_MASTER_DATA_RULE,2024-09-01,
SG,SG-CUST-0200,RCUST-00400,SYNTHETIC_LOCAL_ONLY,APPROVED_SYNTHETIC,PORTFOLIO_MASTER_DATA_RULE,2024-09-01,
SG,SG-CUST-0201,RCUST-00401,SYNTHETIC_LOCAL_ONLY,APPROVED_SYNTHETIC,PORTFOLIO_MASTER_DATA_RULE,2024-09-01,
SG,SG-CUST-0202,RCUST-00402,SYNTHETIC_LOCAL_ONLY,APPROVED_SYNTHETIC,PORTFOLIO_MASTER_DATA_RULE,2024-09-01,
SG,SG-CUST-0203,RCUST-00403,SYNTHETIC_LOCAL_ONLY,APPROVED_SYNTHETIC,PORTFOLIO_MASTER_DATA_RULE,2024-09-01,
SG,SG-CUST-0204,RCUST-00404,SYNTHETIC_LOCAL_ONLY,APPROVED_SYNTHETIC,PORTFOLIO_MASTER_DATA_RULE,2024-09-01,
SG,SG-CUST-0205,RCUST-00405,SYNTHETIC_LOCAL_ONLY,APPROVED_SYNTHETIC,PORTFOLIO_MASTER_DATA_RULE,2024-09-01,
SG,SG-CUST-0206,RCUST-00406,SYNTHETIC_LOCAL_ONLY,APPROVED_SYNTHETIC,PORTFOLIO_MASTER_DATA_RULE,2024-09-01,
SG,SG-CUST-0207,RCUST-00407,SYNTHETIC_LOCAL_ONLY,APPROVED_SYNTHETIC,PORTFOLIO_MASTER_DATA_RULE,2024-09-01,
SG,SG-CUST-0208,RCUST-00408,SYNTHETIC_LOCAL_ONLY,APPROVED_SYNTHETIC,PORTFOLIO_MASTER_DATA_RULE,2024-09-01,
SG,SG-CUST-0209,RCUST-00409,SYNTHETIC_LOCAL_ONLY,APPROVED_SYNTHETIC,PORTFOLIO_MASTER_DATA_RULE,2024-09-01,
SG,SG-CUST-0210,RCUST-00410,SYNTHETIC_LOCAL_ONLY,APPROVED_SYNTHETIC,PORTFOLIO_MASTER_DATA_RULE,2024-09-01,
SG,SG-CUST-0211,RCUST-00411,SYNTHETIC_LOCAL_ONLY,APPROVED_SYNTHETIC,PORTFOLIO_MASTER_DATA_RULE,2024-09-01,
SG,SG-CUST-0212,RCUST-00412,SYNTHETIC_LOCAL_ONLY,APPROVED_SYNTHETIC,PORTFOLIO_MASTER_DATA_RULE,2024-09-01,
SG,SG-CUST-0213,RCUST-00413,SYNTHETIC_LOCAL_ONLY,APPROVED_SYNTHETIC,PORTFOLIO_MASTER_DATA_RULE,2024-09-01,
SG,SG-CUST-0214,RCUST-00414,SYNTHETIC_LOCAL_ONLY,APPROVED_SYNTHETIC,PORTFOLIO_MASTER_DATA_RULE,2024-09-01,
SG,SG-CUST-0215,RCUST-00415,SYNTHETIC_LOCAL_ONLY,APPROVED_SYNTHETIC,PORTFOLIO_MASTER_DATA_RULE,2024-09-01,
SG,SG-CUST-0216,RCUST-00416,SYNTHETIC_LOCAL_ONLY,APPROVED_SYNTHETIC,PORTFOLIO_MASTER_DATA_RULE,2024-09-01,
SG,SG-CUST-0217,RCUST-00417,SYNTHETIC_LOCAL_ONLY,APPROVED_SYNTHETIC,PORTFOLIO_MASTER_DATA_RULE,2024-09-01,
SG,SG-CUST-0218,RCUST-00418,SYNTHETIC_LOCAL_ONLY,APPROVED_SYNTHETIC,PORTFOLIO_MASTER_DATA_RULE,2024-09-01,
SG,SG-CUST-0219,RCUST-00419,SYNTHETIC_LOCAL_ONLY,APPROVED_SYNTHETIC,PORTFOLIO_MASTER_DATA_RULE,2024-09-01,
SG,SG-CUST-0220,RCUST-00420,SYNTHETIC_LOCAL_ONLY,APPROVED_SYNTHETIC,PORTFOLIO_MASTER_DATA_RULE,2024-09-01,
ID,ID-CUST-0001,RCUST-00001,SYNTHETIC_REGIONAL_GROUP,APPROVED_SYNTHETIC,PORTFOLIO_MASTER_DATA_RULE,2024-09-01,
ID,ID-CUST-0002,RCUST-00002,SYNTHETIC_REGIONAL_GROUP,APPROVED_SYNTHETIC,PORTFOLIO_MASTER_DATA_RULE,2024-09-01,
ID,ID-CUST-0003,RCUST-00003,SYNTHETIC_REGIONAL_GROUP,APPROVED_SYNTHETIC,PORTFOLIO_MASTER_DATA_RULE,2024-09-01,
ID,ID-CUST-0004,RCUST-00004,SYNTHETIC_REGIONAL_GROUP,APPROVED_SYNTHETIC,PORTFOLIO_MASTER_DATA_RULE,2024-09-01,
ID,ID-CUST-0005,RCUST-00005,SYNTHETIC_REGIONAL_GROUP,APPROVED_SYNTHETIC,PORTFOLIO_MASTER_DATA_RULE,2024-09-01,
ID,ID-CUST-0006,RCUST-00006,SYNTHETIC_REGIONAL_GROUP,APPROVED_SYNTHETIC,PORTFOLIO_MASTER_DATA_RULE,2024-09-01,
ID,ID-CUST-0007,RCUST-00007,SYNTHETIC_REGIONAL_GROUP,APPROVED_SYNTHETIC,PORTFOLIO_MASTER_DATA_RULE,2024-09-01,
ID,ID-CUST-0008,RCUST-00008,SYNTHETIC_REGIONAL_GROUP,APPROVED_SYNTHETIC,PORTFOLIO_MASTER_DATA_RULE,2024-09-01,
ID,ID-CUST-0009,RCUST-00009,SYNTHETIC_REGIONAL_GROUP,APPROVED_SYNTHETIC,PORTFOLIO_MASTER_DATA_RULE,2024-09-01,
ID,ID-CUST-0010,RCUST-00010,SYNTHETIC_REGIONAL_GROUP,APPROVED_SYNTHETIC,PORTFOLIO_MASTER_DATA_RULE,2024-09-01,
ID,ID-CUST-0011,RCUST-00011,SYNTHETIC_REGIONAL_GROUP,APPROVED_SYNTHETIC,PORTFOLIO_MASTER_DATA_RULE,2024-09-01,
ID,ID-CUST-0012,RCUST-00012,SYNTHETIC_REGIONAL_GROUP,APPROVED_SYNTHETIC,PORTFOLIO_MASTER_DATA_RULE,2024-09-01,
ID,ID-CUST-0013,RCUST-00013,SYNTHETIC_REGIONAL_GROUP,APPROVED_SYNTHETIC,PORTFOLIO_MASTER_DATA_RULE,2024-09-01,
ID,ID-CUST-0014,RCUST-00014,SYNTHETIC_REGIONAL_GROUP,APPROVED_SYNTHETIC,PORTFOLIO_MASTER_DATA_RULE,2024-09-01,
ID,ID-CUST-0015,RCUST-00015,SYNTHETIC_REGIONAL_GROUP,APPROVED_SYNTHETIC,PORTFOLIO_MASTER_DATA_RULE,2024-09-01,
ID,ID-CUST-0016,RCUST-00016,SYNTHETIC_REGIONAL_GROUP,APPROVED_SYNTHETIC,PORTFOLIO_MASTER_DATA_RULE,2024-09-01,
ID,ID-CUST-0017,RCUST-00017,SYNTHETIC_REGIONAL_GROUP,APPROVED_SYNTHETIC,PORTFOLIO_MASTER_DATA_RULE,2024-09-01,
ID,ID-CUST-0018,RCUST-00018,SYNTHETIC_REGIONAL_GROUP,APPROVED_SYNTHETIC,PORTFOLIO_MASTER_DATA_RULE,2024-09-01,
ID,ID-CUST-0019,RCUST-00019,SYNTHETIC_REGIONAL_GROUP,APPROVED_SYNTHETIC,PORTFOLIO_MASTER_DATA_RULE,2024-09-01,
ID,ID-CUST-0020,RCUST-00020,SYNTHETIC_REGIONAL_GROUP,APPROVED_SYNTHETIC,PORTFOLIO_MASTER_DATA_RULE,2024-09-01,
ID,ID-CUST-0021,RCUST-00021,SYNTHETIC_REGIONAL_GROUP,APPROVED_SYNTHETIC,PORTFOLIO_MASTER_DATA_RULE,2024-09-01,
ID,ID-CUST-0022,RCUST-00022,SYNTHETIC_REGIONAL_GROUP,APPROVED_SYNTHETIC,PORTFOLIO_MASTER_DATA_RULE,2024-09-01,
ID,ID-CUST-0023,RCUST-00023,SYNTHETIC_REGIONAL_GROUP,APPROVED_SYNTHETIC,PORTFOLIO_MASTER_DATA_RULE,2024-09-01,
ID,ID-CUST-0024,RCUST-00024,SYNTHETIC_REGIONAL_GROUP,APPROVED_SYNTHETIC,PORTFOLIO_MASTER_DATA_RULE,2024-09-01,
ID,ID-CUST-0025,RCUST-00025,SYNTHETIC_REGIONAL_GROUP,APPROVED_SYNTHETIC,PORTFOLIO_MASTER_DATA_RULE,2024-09-01,
ID,ID-CUST-0026,RCUST-00026,SYNTHETIC_REGIONAL_GROUP,APPROVED_SYNTHETIC,PORTFOLIO_MASTER_DATA_RULE,2024-09-01,
ID,ID-CUST-0027,RCUST-00027,SYNTHETIC_REGIONAL_GROUP,APPROVED_SYNTHETIC,PORTFOLIO_MASTER_DATA_RULE,2024-09-01,
ID,ID-CUST-0028,RCUST-00028,SYNTHETIC_REGIONAL_GROUP,APPROVED_SYNTHETIC,PORTFOLIO_MASTER_DATA_RULE,2024-09-01,
ID,ID-CUST-0029,RCUST-00029,SYNTHETIC_REGIONAL_GROUP,APPROVED_SYNTHETIC,PORTFOLIO_MASTER_DATA_RULE,2024-09-01,
ID,ID-CUST-0030,RCUST-00030,SYNTHETIC_REGIONAL_GROUP,APPROVED_SYNTHETIC,PORTFOLIO_MASTER_DATA_RULE,2024-09-01,
ID,ID-CUST-0031,RCUST-00031,SYNTHETIC_REGIONAL_GROUP,APPROVED_SYNTHETIC,PORTFOLIO_MASTER_DATA_RULE,2024-09-01,
ID,ID-CUST-0032,RCUST-00032,SYNTHETIC_REGIONAL_GROUP,APPROVED_SYNTHETIC,PORTFOLIO_MASTER_DATA_RULE,2024-09-01,
ID,ID-CUST-0033,RCUST-00033,SYNTHETIC_REGIONAL_GROUP,APPROVED_SYNTHETIC,PORTFOLIO_MASTER_DATA_RULE,2024-09-01,
ID,ID-CUST-0034,RCUST-00034,SYNTHETIC_REGIONAL_GROUP,APPROVED_SYNTHETIC,PORTFOLIO_MASTER_DATA_RULE,2024-09-01,
ID,ID-CUST-0035,RCUST-00035,SYNTHETIC_REGIONAL_GROUP,APPROVED_SYNTHETIC,PORTFOLIO_MASTER_DATA_RULE,2024-09-01,
ID,ID-CUST-0036,RCUST-00036,SYNTHETIC_REGIONAL_GROUP,APPROVED_SYNTHETIC,PORTFOLIO_MASTER_DATA_RULE,2024-09-01,
ID,ID-CUST-0037,RCUST-00037,SYNTHETIC_REGIONAL_GROUP,APPROVED_SYNTHETIC,PORTFOLIO_MASTER_DATA_RULE,2024-09-01,
ID,ID-CUST-0038,RCUST-00038,SYNTHETIC_REGIONAL_GROUP,APPROVED_SYNTHETIC,PORTFOLIO_MASTER_DATA_RULE,2024-09-01,
ID,ID-CUST-0039,RCUST-00039,SYNTHETIC_REGIONAL_GROUP,APPROVED_SYNTHETIC,PORTFOLIO_MASTER_DATA_RULE,2024-09-01,
ID,ID-CUST-0040,RCUST-00040,SYNTHETIC_REGIONAL_GROUP,APPROVED_SYNTHETIC,PORTFOLIO_MASTER_DATA_RULE,2024-09-01,
ID,ID-CUST-0041,RCUST-00041,SYNTHETIC_REGIONAL_GROUP,APPROVED_SYNTHETIC,PORTFOLIO_MASTER_DATA_RULE,2024-09-01,
ID,ID-CUST-0042,RCUST-00042,SYNTHETIC_REGIONAL_GROUP,APPROVED_SYNTHETIC,PORTFOLIO_MASTER_DATA_RULE,2024-09-01,
ID,ID-CUST-0043,RCUST-00043,SYNTHETIC_REGIONAL_GROUP,APPROVED_SYNTHETIC,PORTFOLIO_MASTER_DATA_RULE,2024-09-01,
ID,ID-CUST-0044,RCUST-00044,SYNTHETIC_REGIONAL_GROUP,APPROVED_SYNTHETIC,PORTFOLIO_MASTER_DATA_RULE,2024-09-01,
ID,ID-CUST-0045,RCUST-00045,SYNTHETIC_REGIONAL_GROUP,APPROVED_SYNTHETIC,PORTFOLIO_MASTER_DATA_RULE,2024-09-01,
ID,ID-CUST-0046,RCUST-00046,SYNTHETIC_REGIONAL_GROUP,APPROVED_SYNTHETIC,PORTFOLIO_MASTER_DATA_RULE,2024-09-01,
ID,ID-CUST-0047,RCUST-00047,SYNTHETIC_REGIONAL_GROUP,APPROVED_SYNTHETIC,PORTFOLIO_MASTER_DATA_RULE,2024-09-01,
ID,ID-CUST-0048,RCUST-00048,SYNTHETIC_REGIONAL_GROUP,APPROVED_SYNTHETIC,PORTFOLIO_MASTER_DATA_RULE,2024-09-01,
ID,ID-CUST-0049,RCUST-00049,SYNTHETIC_REGIONAL_GROUP,APPROVED_SYNTHETIC,PORTFOLIO_MASTER_DATA_RULE,2024-09-01,
ID,ID-CUST-0050,RCUST-00050,SYNTHETIC_REGIONAL_GROUP,APPROVED_SYNTHETIC,PORTFOLIO_MASTER_DATA_RULE,2024-09-01,
ID,ID-CUST-0051,RCUST-00051,SYNTHETIC_REGIONAL_GROUP,APPROVED_SYNTHETIC,PORTFOLIO_MASTER_DATA_RULE,2024-09-01,
ID,ID-CUST-0052,RCUST-00052,SYNTHETIC_REGIONAL_GROUP,APPROVED_SYNTHETIC,PORTFOLIO_MASTER_DATA_RULE,2024-09-01,
ID,ID-CUST-0053,RCUST-00053,SYNTHETIC_REGIONAL_GROUP,APPROVED_SYNTHETIC,PORTFOLIO_MASTER_DATA_RULE,2024-09-01,
ID,ID-CUST-0054,RCUST-00054,SYNTHETIC_REGIONAL_GROUP,APPROVED_SYNTHETIC,PORTFOLIO_MASTER_DATA_RULE,2024-09-01,
ID,ID-CUST-0055,RCUST-00055,SYNTHETIC_REGIONAL_GROUP,APPROVED_SYNTHETIC,PORTFOLIO_MASTER_DATA_RULE,2024-09-01,
ID,ID-CUST-0056,RCUST-00056,SYNTHETIC_REGIONAL_GROUP,APPROVED_SYNTHETIC,PORTFOLIO_MASTER_DATA_RULE,2024-09-01,
ID,ID-CUST-0057,RCUST-00057,SYNTHETIC_REGIONAL_GROUP,APPROVED_SYNTHETIC,PORTFOLIO_MASTER_DATA_RULE,2024-09-01,
ID,ID-CUST-0058,RCUST-00058,SYNTHETIC_REGIONAL_GROUP,APPROVED_SYNTHETIC,PORTFOLIO_MASTER_DATA_RULE,2024-09-01,
ID,ID-CUST-0059,RCUST-00059,SYNTHETIC_REGIONAL_GROUP,APPROVED_SYNTHETIC,PORTFOLIO_MASTER_DATA_RULE,2024-09-01,
ID,ID-CUST-0060,RCUST-00060,SYNTHETIC_REGIONAL_GROUP,APPROVED_SYNTHETIC,PORTFOLIO_MASTER_DATA_RULE,2024-09-01,
ID,ID-CUST-0061,RCUST-00061,SYNTHETIC_REGIONAL_GROUP,APPROVED_SYNTHETIC,PORTFOLIO_MASTER_DATA_RULE,2024-09-01,
ID,ID-CUST-0062,RCUST-00062,SYNTHETIC_REGIONAL_GROUP,APPROVED_SYNTHETIC,PORTFOLIO_MASTER_DATA_RULE,2024-09-01,
ID,ID-CUST-0063,RCUST-00063,SYNTHETIC_REGIONAL_GROUP,APPROVED_SYNTHETIC,PORTFOLIO_MASTER_DATA_RULE,2024-09-01,
ID,ID-CUST-0064,RCUST-00064,SYNTHETIC_REGIONAL_GROUP,APPROVED_SYNTHETIC,PORTFOLIO_MASTER_DATA_RULE,2024-09-01,
ID,ID-CUST-0065,RCUST-00065,SYNTHETIC_REGIONAL_GROUP,APPROVED_SYNTHETIC,PORTFOLIO_MASTER_DATA_RULE,2024-09-01,
ID,ID-CUST-0066,RCUST-00066,SYNTHETIC_REGIONAL_GROUP,APPROVED_SYNTHETIC,PORTFOLIO_MASTER_DATA_RULE,2024-09-01,
ID,ID-CUST-0067,RCUST-00067,SYNTHETIC_REGIONAL_GROUP,APPROVED_SYNTHETIC,PORTFOLIO_MASTER_DATA_RULE,2024-09-01,
ID,ID-CUST-0068,RCUST-00068,SYNTHETIC_REGIONAL_GROUP,APPROVED_SYNTHETIC,PORTFOLIO_MASTER_DATA_RULE,2024-09-01,
ID,ID-CUST-0069,RCUST-00069,SYNTHETIC_REGIONAL_GROUP,APPROVED_SYNTHETIC,PORTFOLIO_MASTER_DATA_RULE,2024-09-01,
ID,ID-CUST-0070,RCUST-00070,SYNTHETIC_REGIONAL_GROUP,APPROVED_SYNTHETIC,PORTFOLIO_MASTER_DATA_RULE,2024-09-01,
ID,ID-CUST-0071,RCUST-00071,SYNTHETIC_REGIONAL_GROUP,APPROVED_SYNTHETIC,PORTFOLIO_MASTER_DATA_RULE,2024-09-01,
ID,ID-CUST-0072,RCUST-00072,SYNTHETIC_REGIONAL_GROUP,APPROVED_SYNTHETIC,PORTFOLIO_MASTER_DATA_RULE,2024-09-01,
ID,ID-CUST-0073,RCUST-00073,SYNTHETIC_REGIONAL_GROUP,APPROVED_SYNTHETIC,PORTFOLIO_MASTER_DATA_RULE,2024-09-01,
ID,ID-CUST-0074,RCUST-00074,SYNTHETIC_REGIONAL_GROUP,APPROVED_SYNTHETIC,PORTFOLIO_MASTER_DATA_RULE,2024-09-01,
ID,ID-CUST-0075,RCUST-00075,SYNTHETIC_REGIONAL_GROUP,APPROVED_SYNTHETIC,PORTFOLIO_MASTER_DATA_RULE,2024-09-01,
ID,ID-CUST-0076,RCUST-00076,SYNTHETIC_REGIONAL_GROUP,APPROVED_SYNTHETIC,PORTFOLIO_MASTER_DATA_RULE,2024-09-01,
ID,ID-CUST-0077,RCUST-00077,SYNTHETIC_REGIONAL_GROUP,APPROVED_SYNTHETIC,PORTFOLIO_MASTER_DATA_RULE,2024-09-01,
ID,ID-CUST-0078,RCUST-00078,SYNTHETIC_REGIONAL_GROUP,APPROVED_SYNTHETIC,PORTFOLIO_MASTER_DATA_RULE,2024-09-01,
ID,ID-CUST-0079,RCUST-00079,SYNTHETIC_REGIONAL_GROUP,APPROVED_SYNTHETIC,PORTFOLIO_MASTER_DATA_RULE,2024-09-01,
ID,ID-CUST-0080,RCUST-00080,SYNTHETIC_REGIONAL_GROUP,APPROVED_SYNTHETIC,PORTFOLIO_MASTER_DATA_RULE,2024-09-01,
ID,ID-CUST-0081,RCUST-00081,SYNTHETIC_REGIONAL_GROUP,APPROVED_SYNTHETIC,PORTFOLIO_MASTER_DATA_RULE,2024-09-01,
ID,ID-CUST-0082,RCUST-00082,SYNTHETIC_REGIONAL_GROUP,APPROVED_SYNTHETIC,PORTFOLIO_MASTER_DATA_RULE,2024-09-01,
ID,ID-CUST-0083,RCUST-00083,SYNTHETIC_REGIONAL_GROUP,APPROVED_SYNTHETIC,PORTFOLIO_MASTER_DATA_RULE,2024-09-01,
ID,ID-CUST-0084,RCUST-00084,SYNTHETIC_REGIONAL_GROUP,APPROVED_SYNTHETIC,PORTFOLIO_MASTER_DATA_RULE,2024-09-01,
ID,ID-CUST-0085,RCUST-00085,SYNTHETIC_REGIONAL_GROUP,APPROVED_SYNTHETIC,PORTFOLIO_MASTER_DATA_RULE,2024-09-01,
ID,ID-CUST-0086,RCUST-00086,SYNTHETIC_REGIONAL_GROUP,APPROVED_SYNTHETIC,PORTFOLIO_MASTER_DATA_RULE,2024-09-01,
ID,ID-CUST-0087,RCUST-00087,SYNTHETIC_REGIONAL_GROUP,APPROVED_SYNTHETIC,PORTFOLIO_MASTER_DATA_RULE,2024-09-01,
ID,ID-CUST-0088,RCUST-00088,SYNTHETIC_REGIONAL_GROUP,APPROVED_SYNTHETIC,PORTFOLIO_MASTER_DATA_RULE,2024-09-01,
ID,ID-CUST-0089,RCUST-00089,SYNTHETIC_REGIONAL_GROUP,APPROVED_SYNTHETIC,PORTFOLIO_MASTER_DATA_RULE,2024-09-01,
ID,ID-CUST-0090,RCUST-00090,SYNTHETIC_REGIONAL_GROUP,APPROVED_SYNTHETIC,PORTFOLIO_MASTER_DATA_RULE,2024-09-01,
ID,ID-CUST-0091,RCUST-00091,SYNTHETIC_REGIONAL_GROUP,APPROVED_SYNTHETIC,PORTFOLIO_MASTER_DATA_RULE,2024-09-01,
ID,ID-CUST-0092,RCUST-00092,SYNTHETIC_REGIONAL_GROUP,APPROVED_SYNTHETIC,PORTFOLIO_MASTER_DATA_RULE,2024-09-01,
ID,ID-CUST-0093,RCUST-00093,SYNTHETIC_REGIONAL_GROUP,APPROVED_SYNTHETIC,PORTFOLIO_MASTER_DATA_RULE,2024-09-01,
ID,ID-CUST-0094,RCUST-00094,SYNTHETIC_REGIONAL_GROUP,APPROVED_SYNTHETIC,PORTFOLIO_MASTER_DATA_RULE,2024-09-01,
ID,ID-CUST-0095,RCUST-00095,SYNTHETIC_REGIONAL_GROUP,APPROVED_SYNTHETIC,PORTFOLIO_MASTER_DATA_RULE,2024-09-01,
ID,ID-CUST-0096,RCUST-00096,SYNTHETIC_REGIONAL_GROUP,APPROVED_SYNTHETIC,PORTFOLIO_MASTER_DATA_RULE,2024-09-01,
ID,ID-CUST-0097,RCUST-00097,SYNTHETIC_REGIONAL_GROUP,APPROVED_SYNTHETIC,PORTFOLIO_MASTER_DATA_RULE,2024-09-01,
ID,ID-CUST-0098,RCUST-00098,SYNTHETIC_REGIONAL_GROUP,APPROVED_SYNTHETIC,PORTFOLIO_MASTER_DATA_RULE,2024-09-01,
ID,ID-CUST-0099,RCUST-00099,SYNTHETIC_REGIONAL_GROUP,APPROVED_SYNTHETIC,PORTFOLIO_MASTER_DATA_RULE,2024-09-01,
ID,ID-CUST-0100,RCUST-00100,SYNTHETIC_REGIONAL_GROUP,APPROVED_SYNTHETIC,PORTFOLIO_MASTER_DATA_RULE,2024-09-01,
ID,ID-CUST-0101,RCUST-00101,SYNTHETIC_REGIONAL_GROUP,APPROVED_SYNTHETIC,PORTFOLIO_MASTER_DATA_RULE,2024-09-01,
ID,ID-CUST-0102,RCUST-00102,SYNTHETIC_REGIONAL_GROUP,APPROVED_SYNTHETIC,PORTFOLIO_MASTER_DATA_RULE,2024-09-01,
ID,ID-CUST-0103,RCUST-00103,SYNTHETIC_REGIONAL_GROUP,APPROVED_SYNTHETIC,PORTFOLIO_MASTER_DATA_RULE,2024-09-01,
ID,ID-CUST-0104,RCUST-00104,SYNTHETIC_REGIONAL_GROUP,APPROVED_SYNTHETIC,PORTFOLIO_MASTER_DATA_RULE,2024-09-01,
ID,ID-CUST-0105,RCUST-00105,SYNTHETIC_REGIONAL_GROUP,APPROVED_SYNTHETIC,PORTFOLIO_MASTER_DATA_RULE,2024-09-01,
ID,ID-CUST-0106,RCUST-00106,SYNTHETIC_REGIONAL_GROUP,APPROVED_SYNTHETIC,PORTFOLIO_MASTER_DATA_RULE,2024-09-01,
ID,ID-CUST-0107,RCUST-00107,SYNTHETIC_REGIONAL_GROUP,APPROVED_SYNTHETIC,PORTFOLIO_MASTER_DATA_RULE,2024-09-01,
ID,ID-CUST-0108,RCUST-00108,SYNTHETIC_REGIONAL_GROUP,APPROVED_SYNTHETIC,PORTFOLIO_MASTER_DATA_RULE,2024-09-01,
ID,ID-CUST-0109,RCUST-00109,SYNTHETIC_REGIONAL_GROUP,APPROVED_SYNTHETIC,PORTFOLIO_MASTER_DATA_RULE,2024-09-01,
ID,ID-CUST-0110,RCUST-00110,SYNTHETIC_REGIONAL_GROUP,APPROVED_SYNTHETIC,PORTFOLIO_MASTER_DATA_RULE,2024-09-01,
ID,ID-CUST-0111,RCUST-00111,SYNTHETIC_REGIONAL_GROUP,APPROVED_SYNTHETIC,PORTFOLIO_MASTER_DATA_RULE,2024-09-01,
ID,ID-CUST-0112,RCUST-00112,SYNTHETIC_REGIONAL_GROUP,APPROVED_SYNTHETIC,PORTFOLIO_MASTER_DATA_RULE,2024-09-01,
ID,ID-CUST-0113,RCUST-00113,SYNTHETIC_REGIONAL_GROUP,APPROVED_SYNTHETIC,PORTFOLIO_MASTER_DATA_RULE,2024-09-01,
ID,ID-CUST-0114,RCUST-00114,SYNTHETIC_REGIONAL_GROUP,APPROVED_SYNTHETIC,PORTFOLIO_MASTER_DATA_RULE,2024-09-01,
ID,ID-CUST-0115,RCUST-00115,SYNTHETIC_REGIONAL_GROUP,APPROVED_SYNTHETIC,PORTFOLIO_MASTER_DATA_RULE,2024-09-01,
ID,ID-CUST-0116,RCUST-00116,SYNTHETIC_REGIONAL_GROUP,APPROVED_SYNTHETIC,PORTFOLIO_MASTER_DATA_RULE,2024-09-01,
ID,ID-CUST-0117,RCUST-00117,SYNTHETIC_REGIONAL_GROUP,APPROVED_SYNTHETIC,PORTFOLIO_MASTER_DATA_RULE,2024-09-01,
ID,ID-CUST-0118,RCUST-00118,SYNTHETIC_REGIONAL_GROUP,APPROVED_SYNTHETIC,PORTFOLIO_MASTER_DATA_RULE,2024-09-01,
ID,ID-CUST-0119,RCUST-00119,SYNTHETIC_REGIONAL_GROUP,APPROVED_SYNTHETIC,PORTFOLIO_MASTER_DATA_RULE,2024-09-01,
ID,ID-CUST-0120,RCUST-00120,SYNTHETIC_REGIONAL_GROUP,APPROVED_SYNTHETIC,PORTFOLIO_MASTER_DATA_RULE,2024-09-01,
ID,ID-CUST-0121,RCUST-00421,SYNTHETIC_LOCAL_ONLY,APPROVED_SYNTHETIC,PORTFOLIO_MASTER_DATA_RULE,2024-09-01,
ID,ID-CUST-0122,RCUST-00422,SYNTHETIC_LOCAL_ONLY,APPROVED_SYNTHETIC,PORTFOLIO_MASTER_DATA_RULE,2024-09-01,
ID,ID-CUST-0123,RCUST-00423,SYNTHETIC_LOCAL_ONLY,APPROVED_SYNTHETIC,PORTFOLIO_MASTER_DATA_RULE,2024-09-01,
ID,ID-CUST-0124,RCUST-00424,SYNTHETIC_LOCAL_ONLY,APPROVED_SYNTHETIC,PORTFOLIO_MASTER_DATA_RULE,2024-09-01,
ID,ID-CUST-0125,RCUST-00425,SYNTHETIC_LOCAL_ONLY,APPROVED_SYNTHETIC,PORTFOLIO_MASTER_DATA_RULE,2024-09-01,
ID,ID-CUST-0126,RCUST-00426,SYNTHETIC_LOCAL_ONLY,APPROVED_SYNTHETIC,PORTFOLIO_MASTER_DATA_RULE,2024-09-01,
ID,ID-CUST-0127,RCUST-00427,SYNTHETIC_LOCAL_ONLY,APPROVED_SYNTHETIC,PORTFOLIO_MASTER_DATA_RULE,2024-09-01,
ID,ID-CUST-0128,RCUST-00428,SYNTHETIC_LOCAL_ONLY,APPROVED_SYNTHETIC,PORTFOLIO_MASTER_DATA_RULE,2024-09-01,
ID,ID-CUST-0129,RCUST-00429,SYNTHETIC_LOCAL_ONLY,APPROVED_SYNTHETIC,PORTFOLIO_MASTER_DATA_RULE,2024-09-01,
ID,ID-CUST-0130,RCUST-00430,SYNTHETIC_LOCAL_ONLY,APPROVED_SYNTHETIC,PORTFOLIO_MASTER_DATA_RULE,2024-09-01,
ID,ID-CUST-0131,RCUST-00431,SYNTHETIC_LOCAL_ONLY,APPROVED_SYNTHETIC,PORTFOLIO_MASTER_DATA_RULE,2024-09-01,
ID,ID-CUST-0132,RCUST-00432,SYNTHETIC_LOCAL_ONLY,APPROVED_SYNTHETIC,PORTFOLIO_MASTER_DATA_RULE,2024-09-01,
ID,ID-CUST-0133,RCUST-00433,SYNTHETIC_LOCAL_ONLY,APPROVED_SYNTHETIC,PORTFOLIO_MASTER_DATA_RULE,2024-09-01,
ID,ID-CUST-0134,RCUST-00434,SYNTHETIC_LOCAL_ONLY,APPROVED_SYNTHETIC,PORTFOLIO_MASTER_DATA_RULE,2024-09-01,
ID,ID-CUST-0135,RCUST-00435,SYNTHETIC_LOCAL_ONLY,APPROVED_SYNTHETIC,PORTFOLIO_MASTER_DATA_RULE,2024-09-01,
ID,ID-CUST-0136,RCUST-00436,SYNTHETIC_LOCAL_ONLY,APPROVED_SYNTHETIC,PORTFOLIO_MASTER_DATA_RULE,2024-09-01,
ID,ID-CUST-0137,RCUST-00437,SYNTHETIC_LOCAL_ONLY,APPROVED_SYNTHETIC,PORTFOLIO_MASTER_DATA_RULE,2024-09-01,
ID,ID-CUST-0138,RCUST-00438,SYNTHETIC_LOCAL_ONLY,APPROVED_SYNTHETIC,PORTFOLIO_MASTER_DATA_RULE,2024-09-01,
ID,ID-CUST-0139,RCUST-00439,SYNTHETIC_LOCAL_ONLY,APPROVED_SYNTHETIC,PORTFOLIO_MASTER_DATA_RULE,2024-09-01,
ID,ID-CUST-0140,RCUST-00440,SYNTHETIC_LOCAL_ONLY,APPROVED_SYNTHETIC,PORTFOLIO_MASTER_DATA_RULE,2024-09-01,
ID,ID-CUST-0141,RCUST-00441,SYNTHETIC_LOCAL_ONLY,APPROVED_SYNTHETIC,PORTFOLIO_MASTER_DATA_RULE,2024-09-01,
ID,ID-CUST-0142,RCUST-00442,SYNTHETIC_LOCAL_ONLY,APPROVED_SYNTHETIC,PORTFOLIO_MASTER_DATA_RULE,2024-09-01,
ID,ID-CUST-0143,RCUST-00443,SYNTHETIC_LOCAL_ONLY,APPROVED_SYNTHETIC,PORTFOLIO_MASTER_DATA_RULE,2024-09-01,
ID,ID-CUST-0144,RCUST-00444,SYNTHETIC_LOCAL_ONLY,APPROVED_SYNTHETIC,PORTFOLIO_MASTER_DATA_RULE,2024-09-01,
ID,ID-CUST-0145,RCUST-00445,SYNTHETIC_LOCAL_ONLY,APPROVED_SYNTHETIC,PORTFOLIO_MASTER_DATA_RULE,2024-09-01,
ID,ID-CUST-0146,RCUST-00446,SYNTHETIC_LOCAL_ONLY,APPROVED_SYNTHETIC,PORTFOLIO_MASTER_DATA_RULE,2024-09-01,
ID,ID-CUST-0147,RCUST-00447,SYNTHETIC_LOCAL_ONLY,APPROVED_SYNTHETIC,PORTFOLIO_MASTER_DATA_RULE,2024-09-01,
ID,ID-CUST-0148,RCUST-00448,SYNTHETIC_LOCAL_ONLY,APPROVED_SYNTHETIC,PORTFOLIO_MASTER_DATA_RULE,2024-09-01,
ID,ID-CUST-0149,RCUST-00449,SYNTHETIC_LOCAL_ONLY,APPROVED_SYNTHETIC,PORTFOLIO_MASTER_DATA_RULE,2024-09-01,
ID,ID-CUST-0150,RCUST-00450,SYNTHETIC_LOCAL_ONLY,APPROVED_SYNTHETIC,PORTFOLIO_MASTER_DATA_RULE,2024-09-01,
ID,ID-CUST-0151,RCUST-00451,SYNTHETIC_LOCAL_ONLY,APPROVED_SYNTHETIC,PORTFOLIO_MASTER_DATA_RULE,2024-09-01,
ID,ID-CUST-0152,RCUST-00452,SYNTHETIC_LOCAL_ONLY,APPROVED_SYNTHETIC,PORTFOLIO_MASTER_DATA_RULE,2024-09-01,
ID,ID-CUST-0153,RCUST-00453,SYNTHETIC_LOCAL_ONLY,APPROVED_SYNTHETIC,PORTFOLIO_MASTER_DATA_RULE,2024-09-01,
ID,ID-CUST-0154,RCUST-00454,SYNTHETIC_LOCAL_ONLY,APPROVED_SYNTHETIC,PORTFOLIO_MASTER_DATA_RULE,2024-09-01,
ID,ID-CUST-0155,RCUST-00455,SYNTHETIC_LOCAL_ONLY,APPROVED_SYNTHETIC,PORTFOLIO_MASTER_DATA_RULE,2024-09-01,
ID,ID-CUST-0156,RCUST-00456,SYNTHETIC_LOCAL_ONLY,APPROVED_SYNTHETIC,PORTFOLIO_MASTER_DATA_RULE,2024-09-01,
ID,ID-CUST-0157,RCUST-00457,SYNTHETIC_LOCAL_ONLY,APPROVED_SYNTHETIC,PORTFOLIO_MASTER_DATA_RULE,2024-09-01,
ID,ID-CUST-0158,RCUST-00458,SYNTHETIC_LOCAL_ONLY,APPROVED_SYNTHETIC,PORTFOLIO_MASTER_DATA_RULE,2024-09-01,
ID,ID-CUST-0159,RCUST-00459,SYNTHETIC_LOCAL_ONLY,APPROVED_SYNTHETIC,PORTFOLIO_MASTER_DATA_RULE,2024-09-01,
ID,ID-CUST-0160,RCUST-00460,SYNTHETIC_LOCAL_ONLY,APPROVED_SYNTHETIC,PORTFOLIO_MASTER_DATA_RULE,2024-09-01,
ID,ID-CUST-0161,RCUST-00461,SYNTHETIC_LOCAL_ONLY,APPROVED_SYNTHETIC,PORTFOLIO_MASTER_DATA_RULE,2024-09-01,
ID,ID-CUST-0162,RCUST-00462,SYNTHETIC_LOCAL_ONLY,APPROVED_SYNTHETIC,PORTFOLIO_MASTER_DATA_RULE,2024-09-01,
ID,ID-CUST-0163,RCUST-00463,SYNTHETIC_LOCAL_ONLY,APPROVED_SYNTHETIC,PORTFOLIO_MASTER_DATA_RULE,2024-09-01,
ID,ID-CUST-0164,RCUST-00464,SYNTHETIC_LOCAL_ONLY,APPROVED_SYNTHETIC,PORTFOLIO_MASTER_DATA_RULE,2024-09-01,
ID,ID-CUST-0165,RCUST-00465,SYNTHETIC_LOCAL_ONLY,APPROVED_SYNTHETIC,PORTFOLIO_MASTER_DATA_RULE,2024-09-01,
ID,ID-CUST-0166,RCUST-00466,SYNTHETIC_LOCAL_ONLY,APPROVED_SYNTHETIC,PORTFOLIO_MASTER_DATA_RULE,2024-09-01,
ID,ID-CUST-0167,RCUST-00467,SYNTHETIC_LOCAL_ONLY,APPROVED_SYNTHETIC,PORTFOLIO_MASTER_DATA_RULE,2024-09-01,
ID,ID-CUST-0168,RCUST-00468,SYNTHETIC_LOCAL_ONLY,APPROVED_SYNTHETIC,PORTFOLIO_MASTER_DATA_RULE,2024-09-01,
ID,ID-CUST-0169,RCUST-00469,SYNTHETIC_LOCAL_ONLY,APPROVED_SYNTHETIC,PORTFOLIO_MASTER_DATA_RULE,2024-09-01,
ID,ID-CUST-0170,RCUST-00470,SYNTHETIC_LOCAL_ONLY,APPROVED_SYNTHETIC,PORTFOLIO_MASTER_DATA_RULE,2024-09-01,
ID,ID-CUST-0171,RCUST-00471,SYNTHETIC_LOCAL_ONLY,APPROVED_SYNTHETIC,PORTFOLIO_MASTER_DATA_RULE,2024-09-01,
ID,ID-CUST-0172,RCUST-00472,SYNTHETIC_LOCAL_ONLY,APPROVED_SYNTHETIC,PORTFOLIO_MASTER_DATA_RULE,2024-09-01,
ID,ID-CUST-0173,RCUST-00473,SYNTHETIC_LOCAL_ONLY,APPROVED_SYNTHETIC,PORTFOLIO_MASTER_DATA_RULE,2024-09-01,
ID,ID-CUST-0174,RCUST-00474,SYNTHETIC_LOCAL_ONLY,APPROVED_SYNTHETIC,PORTFOLIO_MASTER_DATA_RULE,2024-09-01,
ID,ID-CUST-0175,RCUST-00475,SYNTHETIC_LOCAL_ONLY,APPROVED_SYNTHETIC,PORTFOLIO_MASTER_DATA_RULE,2024-09-01,
ID,ID-CUST-0176,RCUST-00476,SYNTHETIC_LOCAL_ONLY,APPROVED_SYNTHETIC,PORTFOLIO_MASTER_DATA_RULE,2024-09-01,
ID,ID-CUST-0177,RCUST-00477,SYNTHETIC_LOCAL_ONLY,APPROVED_SYNTHETIC,PORTFOLIO_MASTER_DATA_RULE,2024-09-01,
ID,ID-CUST-0178,RCUST-00478,SYNTHETIC_LOCAL_ONLY,APPROVED_SYNTHETIC,PORTFOLIO_MASTER_DATA_RULE,2024-09-01,
ID,ID-CUST-0179,RCUST-00479,SYNTHETIC_LOCAL_ONLY,APPROVED_SYNTHETIC,PORTFOLIO_MASTER_DATA_RULE,2024-09-01,
ID,ID-CUST-0180,RCUST-00480,SYNTHETIC_LOCAL_ONLY,APPROVED_SYNTHETIC,PORTFOLIO_MASTER_DATA_RULE,2024-09-01,
ID,ID-CUST-0181,RCUST-00481,SYNTHETIC_LOCAL_ONLY,APPROVED_SYNTHETIC,PORTFOLIO_MASTER_DATA_RULE,2024-09-01,
ID,ID-CUST-0182,RCUST-00482,SYNTHETIC_LOCAL_ONLY,APPROVED_SYNTHETIC,PORTFOLIO_MASTER_DATA_RULE,2024-09-01,
ID,ID-CUST-0183,RCUST-00483,SYNTHETIC_LOCAL_ONLY,APPROVED_SYNTHETIC,PORTFOLIO_MASTER_DATA_RULE,2024-09-01,
ID,ID-CUST-0184,RCUST-00484,SYNTHETIC_LOCAL_ONLY,APPROVED_SYNTHETIC,PORTFOLIO_MASTER_DATA_RULE,2024-09-01,
ID,ID-CUST-0185,RCUST-00485,SYNTHETIC_LOCAL_ONLY,APPROVED_SYNTHETIC,PORTFOLIO_MASTER_DATA_RULE,2024-09-01,
ID,ID-CUST-0186,RCUST-00486,SYNTHETIC_LOCAL_ONLY,APPROVED_SYNTHETIC,PORTFOLIO_MASTER_DATA_RULE,2024-09-01,
ID,ID-CUST-0187,RCUST-00487,SYNTHETIC_LOCAL_ONLY,APPROVED_SYNTHETIC,PORTFOLIO_MASTER_DATA_RULE,2024-09-01,
ID,ID-CUST-0188,RCUST-00488,SYNTHETIC_LOCAL_ONLY,APPROVED_SYNTHETIC,PORTFOLIO_MASTER_DATA_RULE,2024-09-01,
ID,ID-CUST-0189,RCUST-00489,SYNTHETIC_LOCAL_ONLY,APPROVED_SYNTHETIC,PORTFOLIO_MASTER_DATA_RULE,2024-09-01,
ID,ID-CUST-0190,RCUST-00490,SYNTHETIC_LOCAL_ONLY,APPROVED_SYNTHETIC,PORTFOLIO_MASTER_DATA_RULE,2024-09-01,
ID,ID-CUST-0191,RCUST-00491,SYNTHETIC_LOCAL_ONLY,APPROVED_SYNTHETIC,PORTFOLIO_MASTER_DATA_RULE,2024-09-01,
ID,ID-CUST-0192,RCUST-00492,SYNTHETIC_LOCAL_ONLY,APPROVED_SYNTHETIC,PORTFOLIO_MASTER_DATA_RULE,2024-09-01,
ID,ID-CUST-0193,RCUST-00493,SYNTHETIC_LOCAL_ONLY,APPROVED_SYNTHETIC,PORTFOLIO_MASTER_DATA_RULE,2024-09-01,
ID,ID-CUST-0194,RCUST-00494,SYNTHETIC_LOCAL_ONLY,APPROVED_SYNTHETIC,PORTFOLIO_MASTER_DATA_RULE,2024-09-01,
ID,ID-CUST-0195,RCUST-00495,SYNTHETIC_LOCAL_ONLY,APPROVED_SYNTHETIC,PORTFOLIO_MASTER_DATA_RULE,2024-09-01,
ID,ID-CUST-0196,RCUST-00496,SYNTHETIC_LOCAL_ONLY,APPROVED_SYNTHETIC,PORTFOLIO_MASTER_DATA_RULE,2024-09-01,
ID,ID-CUST-0197,RCUST-00497,SYNTHETIC_LOCAL_ONLY,APPROVED_SYNTHETIC,PORTFOLIO_MASTER_DATA_RULE,2024-09-01,
ID,ID-CUST-0198,RCUST-00498,SYNTHETIC_LOCAL_ONLY,APPROVED_SYNTHETIC,PORTFOLIO_MASTER_DATA_RULE,2024-09-01,
ID,ID-CUST-0199,RCUST-00499,SYNTHETIC_LOCAL_ONLY,APPROVED_SYNTHETIC,PORTFOLIO_MASTER_DATA_RULE,2024-09-01,
ID,ID-CUST-0200,RCUST-00500,SYNTHETIC_LOCAL_ONLY,APPROVED_SYNTHETIC,PORTFOLIO_MASTER_DATA_RULE,2024-09-01,
ID,ID-CUST-0201,RCUST-00501,SYNTHETIC_LOCAL_ONLY,APPROVED_SYNTHETIC,PORTFOLIO_MASTER_DATA_RULE,2024-09-01,
ID,ID-CUST-0202,RCUST-00502,SYNTHETIC_LOCAL_ONLY,APPROVED_SYNTHETIC,PORTFOLIO_MASTER_DATA_RULE,2024-09-01,
ID,ID-CUST-0203,RCUST-00503,SYNTHETIC_LOCAL_ONLY,APPROVED_SYNTHETIC,PORTFOLIO_MASTER_DATA_RULE,2024-09-01,
ID,ID-CUST-0204,RCUST-00504,SYNTHETIC_LOCAL_ONLY,APPROVED_SYNTHETIC,PORTFOLIO_MASTER_DATA_RULE,2024-09-01,
ID,ID-CUST-0205,RCUST-00505,SYNTHETIC_LOCAL_ONLY,APPROVED_SYNTHETIC,PORTFOLIO_MASTER_DATA_RULE,2024-09-01,
ID,ID-CUST-0206,RCUST-00506,SYNTHETIC_LOCAL_ONLY,APPROVED_SYNTHETIC,PORTFOLIO_MASTER_DATA_RULE,2024-09-01,
ID,ID-CUST-0207,RCUST-00507,SYNTHETIC_LOCAL_ONLY,APPROVED_SYNTHETIC,PORTFOLIO_MASTER_DATA_RULE,2024-09-01,
ID,ID-CUST-0208,RCUST-00508,SYNTHETIC_LOCAL_ONLY,APPROVED_SYNTHETIC,PORTFOLIO_MASTER_DATA_RULE,2024-09-01,
ID,ID-CUST-0209,RCUST-00509,SYNTHETIC_LOCAL_ONLY,APPROVED_SYNTHETIC,PORTFOLIO_MASTER_DATA_RULE,2024-09-01,
ID,ID-CUST-0210,RCUST-00510,SYNTHETIC_LOCAL_ONLY,APPROVED_SYNTHETIC,PORTFOLIO_MASTER_DATA_RULE,2024-09-01,
ID,ID-CUST-0211,RCUST-00511,SYNTHETIC_LOCAL_ONLY,APPROVED_SYNTHETIC,PORTFOLIO_MASTER_DATA_RULE,2024-09-01,
ID,ID-CUST-0212,RCUST-00512,SYNTHETIC_LOCAL_ONLY,APPROVED_SYNTHETIC,PORTFOLIO_MASTER_DATA_RULE,2024-09-01,
ID,ID-CUST-0213,RCUST-00513,SYNTHETIC_LOCAL_ONLY,APPROVED_SYNTHETIC,PORTFOLIO_MASTER_DATA_RULE,2024-09-01,
ID,ID-CUST-0214,RCUST-00514,SYNTHETIC_LOCAL_ONLY,APPROVED_SYNTHETIC,PORTFOLIO_MASTER_DATA_RULE,2024-09-01,
ID,ID-CUST-0215,RCUST-00515,SYNTHETIC_LOCAL_ONLY,APPROVED_SYNTHETIC,PORTFOLIO_MASTER_DATA_RULE,2024-09-01,
ID,ID-CUST-0216,RCUST-00516,SYNTHETIC_LOCAL_ONLY,APPROVED_SYNTHETIC,PORTFOLIO_MASTER_DATA_RULE,2024-09-01,
ID,ID-CUST-0217,RCUST-00517,SYNTHETIC_LOCAL_ONLY,APPROVED_SYNTHETIC,PORTFOLIO_MASTER_DATA_RULE,2024-09-01,
ID,ID-CUST-0218,RCUST-00518,SYNTHETIC_LOCAL_ONLY,APPROVED_SYNTHETIC,PORTFOLIO_MASTER_DATA_RULE,2024-09-01,
ID,ID-CUST-0219,RCUST-00519,SYNTHETIC_LOCAL_ONLY,APPROVED_SYNTHETIC,PORTFOLIO_MASTER_DATA_RULE,2024-09-01,
ID,ID-CUST-0220,RCUST-00520,SYNTHETIC_LOCAL_ONLY,APPROVED_SYNTHETIC,PORTFOLIO_MASTER_DATA_RULE,2024-09-01,
ID,ID-CUST-0221,RCUST-00521,SYNTHETIC_LOCAL_ONLY,APPROVED_SYNTHETIC,PORTFOLIO_MASTER_DATA_RULE,2024-09-01,
ID,ID-CUST-0222,RCUST-00522,SYNTHETIC_LOCAL_ONLY,APPROVED_SYNTHETIC,PORTFOLIO_MASTER_DATA_RULE,2024-09-01,
ID,ID-CUST-0223,RCUST-00523,SYNTHETIC_LOCAL_ONLY,APPROVED_SYNTHETIC,PORTFOLIO_MASTER_DATA_RULE,2024-09-01,
ID,ID-CUST-0224,RCUST-00524,SYNTHETIC_LOCAL_ONLY,APPROVED_SYNTHETIC,PORTFOLIO_MASTER_DATA_RULE,2024-09-01,
ID,ID-CUST-0225,RCUST-00525,SYNTHETIC_LOCAL_ONLY,APPROVED_SYNTHETIC,PORTFOLIO_MASTER_DATA_RULE,2024-09-01,
ID,ID-CUST-0226,RCUST-00526,SYNTHETIC_LOCAL_ONLY,APPROVED_SYNTHETIC,PORTFOLIO_MASTER_DATA_RULE,2024-09-01,
ID,ID-CUST-0227,RCUST-00527,SYNTHETIC_LOCAL_ONLY,APPROVED_SYNTHETIC,PORTFOLIO_MASTER_DATA_RULE,2024-09-01,
ID,ID-CUST-0228,RCUST-00528,SYNTHETIC_LOCAL_ONLY,APPROVED_SYNTHETIC,PORTFOLIO_MASTER_DATA_RULE,2024-09-01,
ID,ID-CUST-0229,RCUST-00529,SYNTHETIC_LOCAL_ONLY,APPROVED_SYNTHETIC,PORTFOLIO_MASTER_DATA_RULE,2024-09-01,
ID,ID-CUST-0230,RCUST-00530,SYNTHETIC_LOCAL_ONLY,APPROVED_SYNTHETIC,PORTFOLIO_MASTER_DATA_RULE,2024-09-01,
ID,ID-CUST-0231,RCUST-00531,SYNTHETIC_LOCAL_ONLY,APPROVED_SYNTHETIC,PORTFOLIO_MASTER_DATA_RULE,2024-09-01,
ID,ID-CUST-0232,RCUST-00532,SYNTHETIC_LOCAL_ONLY,APPROVED_SYNTHETIC,PORTFOLIO_MASTER_DATA_RULE,2024-09-01,
ID,ID-CUST-0233,RCUST-00533,SYNTHETIC_LOCAL_ONLY,APPROVED_SYNTHETIC,PORTFOLIO_MASTER_DATA_RULE,2024-09-01,
ID,ID-CUST-0234,RCUST-00534,SYNTHETIC_LOCAL_ONLY,APPROVED_SYNTHETIC,PORTFOLIO_MASTER_DATA_RULE,2024-09-01,
ID,ID-CUST-0235,RCUST-00535,SYNTHETIC_LOCAL_ONLY,APPROVED_SYNTHETIC,PORTFOLIO_MASTER_DATA_RULE,2024-09-01,
ID,ID-CUST-0236,RCUST-00536,SYNTHETIC_LOCAL_ONLY,APPROVED_SYNTHETIC,PORTFOLIO_MASTER_DATA_RULE,2024-09-01,
ID,ID-CUST-0237,RCUST-00537,SYNTHETIC_LOCAL_ONLY,APPROVED_SYNTHETIC,PORTFOLIO_MASTER_DATA_RULE,2024-09-01,
ID,ID-CUST-0238,RCUST-00538,SYNTHETIC_LOCAL_ONLY,APPROVED_SYNTHETIC,PORTFOLIO_MASTER_DATA_RULE,2024-09-01,
ID,ID-CUST-0239,RCUST-00539,SYNTHETIC_LOCAL_ONLY,APPROVED_SYNTHETIC,PORTFOLIO_MASTER_DATA_RULE,2024-09-01,
ID,ID-CUST-0240,RCUST-00540,SYNTHETIC_LOCAL_ONLY,APPROVED_SYNTHETIC,PORTFOLIO_MASTER_DATA_RULE,2024-09-01,
ID,ID-CUST-0241,RCUST-00541,SYNTHETIC_LOCAL_ONLY,APPROVED_SYNTHETIC,PORTFOLIO_MASTER_DATA_RULE,2024-09-01,
ID,ID-CUST-0242,RCUST-00542,SYNTHETIC_LOCAL_ONLY,APPROVED_SYNTHETIC,PORTFOLIO_MASTER_DATA_RULE,2024-09-01,
ID,ID-CUST-0243,RCUST-00543,SYNTHETIC_LOCAL_ONLY,APPROVED_SYNTHETIC,PORTFOLIO_MASTER_DATA_RULE,2024-09-01,
ID,ID-CUST-0244,RCUST-00544,SYNTHETIC_LOCAL_ONLY,APPROVED_SYNTHETIC,PORTFOLIO_MASTER_DATA_RULE,2024-09-01,
ID,ID-CUST-0245,RCUST-00545,SYNTHETIC_LOCAL_ONLY,APPROVED_SYNTHETIC,PORTFOLIO_MASTER_DATA_RULE,2024-09-01,
ID,ID-CUST-0246,RCUST-00546,SYNTHETIC_LOCAL_ONLY,APPROVED_SYNTHETIC,PORTFOLIO_MASTER_DATA_RULE,2024-09-01,
ID,ID-CUST-0247,RCUST-00547,SYNTHETIC_LOCAL_ONLY,APPROVED_SYNTHETIC,PORTFOLIO_MASTER_DATA_RULE,2024-09-01,
ID,ID-CUST-0248,RCUST-00548,SYNTHETIC_LOCAL_ONLY,APPROVED_SYNTHETIC,PORTFOLIO_MASTER_DATA_RULE,2024-09-01,
ID,ID-CUST-0249,RCUST-00549,SYNTHETIC_LOCAL_ONLY,APPROVED_SYNTHETIC,PORTFOLIO_MASTER_DATA_RULE,2024-09-01,
ID,ID-CUST-0250,RCUST-00550,SYNTHETIC_LOCAL_ONLY,APPROVED_SYNTHETIC,PORTFOLIO_MASTER_DATA_RULE,2024-09-01,
ID,ID-CUST-0251,RCUST-00551,SYNTHETIC_LOCAL_ONLY,APPROVED_SYNTHETIC,PORTFOLIO_MASTER_DATA_RULE,2024-09-01,
ID,ID-CUST-0252,RCUST-00552,SYNTHETIC_LOCAL_ONLY,APPROVED_SYNTHETIC,PORTFOLIO_MASTER_DATA_RULE,2024-09-01,
ID,ID-CUST-0253,RCUST-00553,SYNTHETIC_LOCAL_ONLY,APPROVED_SYNTHETIC,PORTFOLIO_MASTER_DATA_RULE,2024-09-01,
ID,ID-CUST-0254,RCUST-00554,SYNTHETIC_LOCAL_ONLY,APPROVED_SYNTHETIC,PORTFOLIO_MASTER_DATA_RULE,2024-09-01,
ID,ID-CUST-0255,RCUST-00555,SYNTHETIC_LOCAL_ONLY,APPROVED_SYNTHETIC,PORTFOLIO_MASTER_DATA_RULE,2024-09-01,
ID,ID-CUST-0256,RCUST-00556,SYNTHETIC_LOCAL_ONLY,APPROVED_SYNTHETIC,PORTFOLIO_MASTER_DATA_RULE,2024-09-01,
ID,ID-CUST-0257,RCUST-00557,SYNTHETIC_LOCAL_ONLY,APPROVED_SYNTHETIC,PORTFOLIO_MASTER_DATA_RULE,2024-09-01,
ID,ID-CUST-0258,RCUST-00558,SYNTHETIC_LOCAL_ONLY,APPROVED_SYNTHETIC,PORTFOLIO_MASTER_DATA_RULE,2024-09-01,
ID,ID-CUST-0259,RCUST-00559,SYNTHETIC_LOCAL_ONLY,APPROVED_SYNTHETIC,PORTFOLIO_MASTER_DATA_RULE,2024-09-01,
ID,ID-CUST-0260,RCUST-00560,SYNTHETIC_LOCAL_ONLY,APPROVED_SYNTHETIC,PORTFOLIO_MASTER_DATA_RULE,2024-09-01,
