source_country,local_supplier_id,regional_supplier_id,mapping_type,mapping_status,mapping_source,effective_from,effective_to
MY,MY-SUP-001,RSUP-00001,SYNTHETIC_REGIONAL_GROUP,APPROVED_SYNTHETIC,PORTFOLIO_MASTER_DATA_RULE,2024-09-01,
MY,MY-SUP-002,RSUP-00002,SYNTHETIC_REGIONAL_GROUP,APPROVED_SYNTHETIC,PORTFOLIO_MASTER_DATA_RULE,2024-09-01,
MY,MY-SUP-003,RSUP-00003,SYNTHETIC_REGIONAL_GROUP,APPROVED_SYNTHETIC,PORTFOLIO_MASTER_DATA_RULE,2024-09-01,
MY,MY-SUP-004,RSUP-00004,SYNTHETIC_REGIONAL_GROUP,APPROVED_SYNTHETIC,PORTFOLIO_MASTER_DATA_RULE,2024-09-01,
MY,MY-SUP-005,RSUP-00005,SYNTHETIC_REGIONAL_GROUP,APPROVED_SYNTHETIC,PORTFOLIO_MASTER_DATA_RULE,2024-09-01,
MY,MY-SUP-006,RSUP-00006,SYNTHETIC_REGIONAL_GROUP,APPROVED_SYNTHETIC,PORTFOLIO_MASTER_DATA_RULE,2024-09-01,
MY,MY-SUP-007,RSUP-00007,SYNTHETIC_REGIONAL_GROUP,APPROVED_SYNTHETIC,PORTFOLIO_MASTER_DATA_RULE,2024-09-01,
MY,MY-SUP-008,RSUP-00008,SYNTHETIC_REGIONAL_GROUP,APPROVED_SYNTHETIC,PORTFOLIO_MASTER_DATA_RULE,2024-09-01,
MY,MY-SUP-009,RSUP-00009,SYNTHETIC_REGIONAL_GROUP,APPROVED_SYNTHETIC,PORTFOLIO_MASTER_DATA_RULE,2024-09-01,
MY,MY-SUP-010,RSUP-00010,SYNTHETIC_REGIONAL_GROUP,APPROVED_SYNTHETIC,PORTFOLIO_MASTER_DATA_RULE,2024-09-01,
MY,MY-SUP-011,RSUP-00011,SYNTHETIC_REGIONAL_GROUP,APPROVED_SYNTHETIC,PORTFOLIO_MASTER_DATA_RULE,2024-09-01,
MY,MY-SUP-012,RSUP-00012,SYNTHETIC_REGIONAL_GROUP,APPROVED_SYNTHETIC,PORTFOLIO_MASTER_DATA_RULE,2024-09-01,
MY,MY-SUP-013,RSUP-00013,SYNTHETIC_REGIONAL_GROUP,APPROVED_SYNTHETIC,PORTFOLIO_MASTER_DATA_RULE,2024-09-01,
MY,MY-SUP-014,RSUP-00014,SYNTHETIC_REGIONAL_GROUP,APPROVED_SYNTHETIC,PORTFOLIO_MASTER_DATA_RULE,2024-09-01,
MY,MY-SUP-015,RSUP-00015,SYNTHETIC_REGIONAL_GROUP,APPROVED_SYNTHETIC,PORTFOLIO_MASTER_DATA_RULE,2024-09-01,
MY,MY-SUP-016,RSUP-00016,SYNTHETIC_REGIONAL_GROUP,APPROVED_SYNTHETIC,PORTFOLIO_MASTER_DATA_RULE,2024-09-01,
MY,MY-SUP-017,RSUP-00017,SYNTHETIC_REGIONAL_GROUP,APPROVED_SYNTHETIC,PORTFOLIO_MASTER_DATA_RULE,2024-09-01,
MY,MY-SUP-018,RSUP-00018,SYNTHETIC_REGIONAL_GROUP,APPROVED_SYNTHETIC,PORTFOLIO_MASTER_DATA_RULE,2024-09-01,
MY,MY-SUP-019,RSUP-00019,SYNTHETIC_REGIONAL_GROUP,APPROVED_SYNTHETIC,PORTFOLIO_MASTER_DATA_RULE,2024-09-01,
MY,MY-SUP-020,RSUP-00020,SYNTHETIC_REGIONAL_GROUP,APPROVED_SYNTHETIC,PORTFOLIO_MASTER_DATA_RULE,2024-09-01,
MY,MY-SUP-021,RSUP-00021,SYNTHETIC_REGIONAL_GROUP,APPROVED_SYNTHETIC,PORTFOLIO_MASTER_DATA_RULE,2024-09-01,
MY,MY-SUP-022,RSUP-00022,SYNTHETIC_REGIONAL_GROUP,APPROVED_SYNTHETIC,PORTFOLIO_MASTER_DATA_RULE,2024-09-01,
MY,MY-SUP-023,RSUP-00023,SYNTHETIC_REGIONAL_GROUP,APPROVED_SYNTHETIC,PORTFOLIO_MASTER_DATA_RULE,2024-09-01,
MY,MY-SUP-024,RSUP-00024,SYNTHETIC_REGIONAL_GROUP,APPROVED_SYNTHETIC,PORTFOLIO_MASTER_DATA_RULE,2024-09-01,
MY,MY-SUP-025,RSUP-00025,SYNTHETIC_REGIONAL_GROUP,APPROVED_SYNTHETIC,PORTFOLIO_MASTER_DATA_RULE,2024-09-01,
MY,MY-SUP-026,RSUP-00026,SYNTHETIC_LOCAL_ONLY,APPROVED_SYNTHETIC,PORTFOLIO_MASTER_DATA_RULE,2024-09-01,
MY,MY-SUP-027,RSUP-00027,SYNTHETIC_LOCAL_ONLY,APPROVED_SYNTHETIC,PORTFOLIO_MASTER_DATA_RULE,2024-09-01,
MY,MY-SUP-028,RSUP-00028,SYNTHETIC_LOCAL_ONLY,APPROVED_SYNTHETIC,PORTFOLIO_MASTER_DATA_RULE,2024-09-01,
MY,MY-SUP-029,RSUP-00029,SYNTHETIC_LOCAL_ONLY,APPROVED_SYNTHETIC,PORTFOLIO_MASTER_DATA_RULE,2024-09-01,
MY,MY-SUP-030,RSUP-00030,SYNTHETIC_LOCAL_ONLY,APPROVED_SYNTHETIC,PORTFOLIO_MASTER_DATA_RULE,2024-09-01,
MY,MY-SUP-031,RSUP-00031,SYNTHETIC_LOCAL_ONLY,APPROVED_SYNTHETIC,PORTFOLIO_MASTER_DATA_RULE,2024-09-01,
MY,MY-SUP-032,RSUP-00032,SYNTHETIC_LOCAL_ONLY,APPROVED_SYNTHETIC,PORTFOLIO_MASTER_DATA_RULE,2024-09-01,
MY,MY-SUP-033,RSUP-00033,SYNTHETIC_LOCAL_ONLY,APPROVED_SYNTHETIC,PORTFOLIO_MASTER_DATA_RULE,2024-09-01,
MY,MY-SUP-034,RSUP-00034,SYNTHETIC_LOCAL_ONLY,APPROVED_SYNTHETIC,PORTFOLIO_MASTER_DATA_RULE,2024-09-01,
MY,MY-SUP-035,RSUP-00035,SYNTHETIC_LOCAL_ONLY,APPROVED_SYNTHETIC,PORTFOLIO_MASTER_DATA_RULE,2024-09-01,
MY,MY-SUP-036,RSUP-00036,SYNTHETIC_LOCAL_ONLY,APPROVED_SYNTHETIC,PORTFOLIO_MASTER_DATA_RULE,2024-09-01,
MY,MY-SUP-037,RSUP-00037,SYNTHETIC_LOCAL_ONLY,APPROVED_SYNTHETIC,PORTFOLIO_MASTER_DATA_RULE,2024-09-01,
MY,MY-SUP-038,RSUP-00038,SYNTHETIC_LOCAL_ONLY,APPROVED_SYNTHETIC,PORTFOLIO_MASTER_DATA_RULE,2024-09-01,
MY,MY-SUP-039,RSUP-00039,SYNTHETIC_LOCAL_ONLY,APPROVED_SYNTHETIC,PORTFOLIO_MASTER_DATA_RULE,2024-09-01,
MY,MY-SUP-040,RSUP-00040,SYNTHETIC_LOCAL_ONLY,APPROVED_SYNTHETIC,PORTFOLIO_MASTER_DATA_RULE,2024-09-01,
MY,MY-SUP-041,RSUP-00041,SYNTHETIC_LOCAL_ONLY,APPROVED_SYNTHETIC,PORTFOLIO_MASTER_DATA_RULE,2024-09-01,
MY,MY-SUP-042,RSUP-00042,SYNTHETIC_LOCAL_ONLY,APPROVED_SYNTHETIC,PORTFOLIO_MASTER_DATA_RULE,2024-09-01,
MY,MY-SUP-043,RSUP-00043,SYNTHETIC_LOCAL_ONLY,APPROVED_SYNTHETIC,PORTFOLIO_MASTER_DATA_RULE,2024-09-01,
MY,MY-SUP-044,RSUP-00044,SYNTHETIC_LOCAL_ONLY,APPROVED_SYNTHETIC,PORTFOLIO_MASTER_DATA_RULE,2024-09-01,
MY,MY-SUP-045,RSUP-00045,SYNTHETIC_LOCAL_ONLY,APPROVED_SYNTHETIC,PORTFOLIO_MASTER_DATA_RULE,2024-09-01,
MY,MY-SUP-046,RSUP-00046,SYNTHETIC_LOCAL_ONLY,APPROVED_SYNTHETIC,PORTFOLIO_MASTER_DATA_RULE,2024-09-01,
MY,MY-SUP-047,RSUP-00047,SYNTHETIC_LOCAL_ONLY,APPROVED_SYNTHETIC,PORTFOLIO_MASTER_DATA_RULE,2024-09-01,
MY,MY-SUP-048,RSUP-00048,SYNTHETIC_LOCAL_ONLY,APPROVED_SYNTHETIC,PORTFOLIO_MASTER_DATA_RULE,2024-09-01,
MY,MY-SUP-049,RSUP-00049,SYNTHETIC_LOCAL_ONLY,APPROVED_SYNTHETIC,PORTFOLIO_MASTER_DATA_RULE,2024-09-01,
MY,MY-SUP-050,RSUP-00050,SYNTHETIC_LOCAL_ONLY,APPROVED_SYNTHETIC,PORTFOLIO_MASTER_DATA_RULE,2024-09-01,
MY,MY-SUP-051,RSUP-00051,SYNTHETIC_LOCAL_ONLY,APPROVED_SYNTHETIC,PORTFOLIO_MASTER_DATA_RULE,2024-09-01,
MY,MY-SUP-052,RSUP-00052,SYNTHETIC_LOCAL_ONLY,APPROVED_SYNTHETIC,PORTFOLIO_MASTER_DATA_RULE,2024-09-01,
MY,MY-SUP-053,RSUP-00053,SYNTHETIC_LOCAL_ONLY,APPROVED_SYNTHETIC,PORTFOLIO_MASTER_DATA_RULE,2024-09-01,
MY,MY-SUP-054,RSUP-00054,SYNTHETIC_LOCAL_ONLY,APPROVED_SYNTHETIC,PORTFOLIO_MASTER_DATA_RULE,2024-09-01,
MY,MY-SUP-055,RSUP-00055,SYNTHETIC_LOCAL_ONLY,APPROVED_SYNTHETIC,PORTFOLIO_MASTER_DATA_RULE,2024-09-01,
MY,MY-SUP-056,RSUP-00056,SYNTHETIC_LOCAL_ONLY,APPROVED_SYNTHETIC,PORTFOLIO_MASTER_DATA_RULE,2024-09-01,
MY,MY-SUP-057,RSUP-00057,SYNTHETIC_LOCAL_ONLY,APPROVED_SYNTHETIC,PORTFOLIO_MASTER_DATA_RULE,2024-09-01,
MY,MY-SUP-058,RSUP-00058,SYNTHETIC_LOCAL_ONLY,APPROVED_SYNTHETIC,PORTFOLIO_MASTER_DATA_RULE,2024-09-01,
MY,MY-SUP-059,RSUP-00059,SYNTHETIC_LOCAL_ONLY,APPROVED_SYNTHETIC,PORTFOLIO_MASTER_DATA_RULE,2024-09-01,
MY,MY-SUP-060,RSUP-00060,SYNTHETIC_LOCAL_ONLY,APPROVED_SYNTHETIC,PORTFOLIO_MASTER_DATA_RULE,2024-09-01,
MY,MY-SUP-061,RSUP-00061,SYNTHETIC_LOCAL_ONLY,APPROVED_SYNTHETIC,PORTFOLIO_MASTER_DATA_RULE,2024-09-01,
MY,MY-SUP-062,RSUP-00062,SYNTHETIC_LOCAL_ONLY,APPROVED_SYNTHETIC,PORTFOLIO_MASTER_DATA_RULE,2024-09-01,
MY,MY-SUP-063,RSUP-00063,SYNTHETIC_LOCAL_ONLY,APPROVED_SYNTHETIC,PORTFOLIO_MASTER_DATA_RULE,2024-09-01,
MY,MY-SUP-064,RSUP-00064,SYNTHETIC_LOCAL_ONLY,APPROVED_SYNTHETIC,PORTFOLIO_MASTER_DATA_RULE,2024-09-01,
MY,MY-SUP-065,RSUP-00065,SYNTHETIC_LOCAL_ONLY,APPROVED_SYNTHETIC,PORTFOLIO_MASTER_DATA_RULE,2024-09-01,
MY,MY-SUP-066,RSUP-00066,SYNTHETIC_LOCAL_ONLY,APPROVED_SYNTHETIC,PORTFOLIO_MASTER_DATA_RULE,2024-09-01,
MY,MY-SUP-067,RSUP-00067,SYNTHETIC_LOCAL_ONLY,APPROVED_SYNTHETIC,PORTFOLIO_MASTER_DATA_RULE,2024-09-01,
MY,MY-SUP-068,RSUP-00068,SYNTHETIC_LOCAL_ONLY,APPROVED_SYNTHETIC,PORTFOLIO_MASTER_DATA_RULE,2024-09-01,
MY,MY-SUP-069,RSUP-00069,SYNTHETIC_LOCAL_ONLY,APPROVED_SYNTHETIC,PORTFOLIO_MASTER_DATA_RULE,2024-09-01,
MY,MY-SUP-070,RSUP-00070,SYNTHETIC_LOCAL_ONLY,APPROVED_SYNTHETIC,PORTFOLIO_MASTER_DATA_RULE,2024-09-01,
MY,MY-SUP-071,RSUP-00071,SYNTHETIC_LOCAL_ONLY,APPROVED_SYNTHETIC,PORTFOLIO_MASTER_DATA_RULE,2024-09-01,
MY,MY-SUP-072,RSUP-00072,SYNTHETIC_LOCAL_ONLY,APPROVED_SYNTHETIC,PORTFOLIO_MASTER_DATA_RULE,2024-09-01,
MY,MY-SUP-073,RSUP-00073,SYNTHETIC_LOCAL_ONLY,APPROVED_SYNTHETIC,PORTFOLIO_MASTER_DATA_RULE,2024-09-01,
MY,MY-SUP-074,RSUP-00074,SYNTHETIC_LOCAL_ONLY,APPROVED_SYNTHETIC,PORTFOLIO_MASTER_DATA_RULE,2024-09-01,
MY,MY-SUP-075,RSUP-00075,SYNTHETIC_LOCAL_ONLY,APPROVED_SYNTHETIC,PORTFOLIO_MASTER_DATA_RULE,2024-09-01,
MY,MY-SUP-076,RSUP-00076,SYNTHETIC_LOCAL_ONLY,APPROVED_SYNTHETIC,PORTFOLIO_MASTER_DATA_RULE,2024-09-01,
MY,MY-SUP-077,RSUP-00077,SYNTHETIC_LOCAL_ONLY,APPROVED_SYNTHETIC,PORTFOLIO_MASTER_DATA_RULE,2024-09-01,
MY,MY-SUP-078,RSUP-00078,SYNTHETIC_LOCAL_ONLY,APPROVED_SYNTHETIC,PORTFOLIO_MASTER_DATA_RULE,2024-09-01,
MY,MY-SUP-079,RSUP-00079,SYNTHETIC_LOCAL_ONLY,APPROVED_SYNTHETIC,PORTFOLIO_MASTER_DATA_RULE,2024-09-01,
MY,MY-SUP-080,RSUP-00080,SYNTHETIC_LOCAL_ONLY,APPROVED_SYNTHETIC,PORTFOLIO_MASTER_DATA_RULE,2024-09-01,
SG,SG-SUP-001,RSUP-00001,SYNTHETIC_REGIONAL_GROUP,APPROVED_SYNTHETIC,PORTFOLIO_MASTER_DATA_RULE,2024-09-01,
SG,SG-SUP-002,RSUP-00002,SYNTHETIC_REGIONAL_GROUP,APPROVED_SYNTHETIC,PORTFOLIO_MASTER_DATA_RULE,2024-09-01,
SG,SG-SUP-003,RSUP-00003,SYNTHETIC_REGIONAL_GROUP,APPROVED_SYNTHETIC,PORTFOLIO_MASTER_DATA_RULE,2024-09-01,
SG,SG-SUP-004,RSUP-00004,SYNTHETIC_REGIONAL_GROUP,APPROVED_SYNTHETIC,PORTFOLIO_MASTER_DATA_RULE,2024-09-01,
SG,SG-SUP-005,RSUP-00005,SYNTHETIC_REGIONAL_GROUP,APPROVED_SYNTHETIC,PORTFOLIO_MASTER_DATA_RULE,2024-09-01,
SG,SG-SUP-006,RSUP-00006,SYNTHETIC_REGIONAL_GROUP,APPROVED_SYNTHETIC,PORTFOLIO_MASTER_DATA_RULE,2024-09-01,
SG,SG-SUP-007,RSUP-00007,SYNTHETIC_REGIONAL_GROUP,APPROVED_SYNTHETIC,PORTFOLIO_MASTER_DATA_RULE,2024-09-01,
SG,SG-SUP-008,RSUP-00008,SYNTHETIC_REGIONAL_GROUP,APPROVED_SYNTHETIC,PORTFOLIO_MASTER_DATA_RULE,2024-09-01,
SG,SG-SUP-009,RSUP-00009,SYNTHETIC_REGIONAL_GROUP,APPROVED_SYNTHETIC,PORTFOLIO_MASTER_DATA_RULE,2024-09-01,
SG,SG-SUP-010,RSUP-00010,SYNTHETIC_REGIONAL_GROUP,APPROVED_SYNTHETIC,PORTFOLIO_MASTER_DATA_RULE,2024-09-01,
SG,SG-SUP-011,RSUP-00011,SYNTHETIC_REGIONAL_GROUP,APPROVED_SYNTHETIC,PORTFOLIO_MASTER_DATA_RULE,2024-09-01,
SG,SG-SUP-012,RSUP-00012,SYNTHETIC_REGIONAL_GROUP,APPROVED_SYNTHETIC,PORTFOLIO_MASTER_DATA_RULE,2024-09-01,
SG,SG-SUP-013,RSUP-00013,SYNTHETIC_REGIONAL_GROUP,APPROVED_SYNTHETIC,PORTFOLIO_MASTER_DATA_RULE,2024-09-01,
SG,SG-SUP-014,RSUP-00014,SYNTHETIC_REGIONAL_GROUP,APPROVED_SYNTHETIC,PORTFOLIO_MASTER_DATA_RULE,2024-09-01,
SG,SG-SUP-015,RSUP-00015,SYNTHETIC_REGIONAL_GROUP,APPROVED_SYNTHETIC,PORTFOLIO_MASTER_DATA_RULE,2024-09-01,
SG,SG-SUP-016,RSUP-00016,SYNTHETIC_REGIONAL_GROUP,APPROVED_SYNTHETIC,PORTFOLIO_MASTER_DATA_RULE,2024-09-01,
SG,SG-SUP-017,RSUP-00017,SYNTHETIC_REGIONAL_GROUP,APPROVED_SYNTHETIC,PORTFOLIO_MASTER_DATA_RULE,2024-09-01,
SG,SG-SUP-018,RSUP-00018,SYNTHETIC_REGIONAL_GROUP,APPROVED_SYNTHETIC,PORTFOLIO_MASTER_DATA_RULE,2024-09-01,
SG,SG-SUP-019,RSUP-00019,SYNTHETIC_REGIONAL_GROUP,APPROVED_SYNTHETIC,PORTFOLIO_MASTER_DATA_RULE,2024-09-01,
SG,SG-SUP-020,RSUP-00020,SYNTHETIC_REGIONAL_GROUP,APPROVED_SYNTHETIC,PORTFOLIO_MASTER_DATA_RULE,2024-09-01,
SG,SG-SUP-021,RSUP-00021,SYNTHETIC_REGIONAL_GROUP,APPROVED_SYNTHETIC,PORTFOLIO_MASTER_DATA_RULE,2024-09-01,
SG,SG-SUP-022,RSUP-00022,SYNTHETIC_REGIONAL_GROUP,APPROVED_SYNTHETIC,PORTFOLIO_MASTER_DATA_RULE,2024-09-01,
SG,SG-SUP-023,RSUP-00023,SYNTHETIC_REGIONAL_GROUP,APPROVED_SYNTHETIC,PORTFOLIO_MASTER_DATA_RULE,2024-09-01,
SG,SG-SUP-024,RSUP-00024,SYNTHETIC_REGIONAL_GROUP,APPROVED_SYNTHETIC,PORTFOLIO_MASTER_DATA_RULE,2024-09-01,
SG,SG-SUP-025,RSUP-00025,SYNTHETIC_REGIONAL_GROUP,APPROVED_SYNTHETIC,PORTFOLIO_MASTER_DATA_RULE,2024-09-01,
SG,SG-SUP-026,RSUP-00081,SYNTHETIC_LOCAL_ONLY,APPROVED_SYNTHETIC,PORTFOLIO_MASTER_DATA_RULE,2024-09-01,
SG,SG-SUP-027,RSUP-00082,SYNTHETIC_LOCAL_ONLY,APPROVED_SYNTHETIC,PORTFOLIO_MASTER_DATA_RULE,2024-09-01,
SG,SG-SUP-028,RSUP-00083,SYNTHETIC_LOCAL_ONLY,APPROVED_SYNTHETIC,PORTFOLIO_MASTER_DATA_RULE,2024-09-01,
SG,SG-SUP-029,RSUP-00084,SYNTHETIC_LOCAL_ONLY,APPROVED_SYNTHETIC,PORTFOLIO_MASTER_DATA_RULE,2024-09-01,
SG,SG-SUP-030,RSUP-00085,SYNTHETIC_LOCAL_ONLY,APPROVED_SYNTHETIC,PORTFOLIO_MASTER_DATA_RULE,2024-09-01,
SG,SG-SUP-031,RSUP-00086,SYNTHETIC_LOCAL_ONLY,APPROVED_SYNTHETIC,PORTFOLIO_MASTER_DATA_RULE,2024-09-01,
SG,SG-SUP-032,RSUP-00087,SYNTHETIC_LOCAL_ONLY,APPROVED_SYNTHETIC,PORTFOLIO_MASTER_DATA_RULE,2024-09-01,
SG,SG-SUP-033,RSUP-00088,SYNTHETIC_LOCAL_ONLY,APPROVED_SYNTHETIC,PORTFOLIO_MASTER_DATA_RULE,2024-09-01,
SG,SG-SUP-034,RSUP-00089,SYNTHETIC_LOCAL_ONLY,APPROVED_SYNTHETIC,PORTFOLIO_MASTER_DATA_RULE,2024-09-01,
SG,SG-SUP-035,RSUP-00090,SYNTHETIC_LOCAL_ONLY,APPROVED_SYNTHETIC,PORTFOLIO_MASTER_DATA_RULE,2024-09-01,
SG,SG-SUP-036,RSUP-00091,SYNTHETIC_LOCAL_ONLY,APPROVED_SYNTHETIC,PORTFOLIO_MASTER_DATA_RULE,2024-09-01,
SG,SG-SUP-037,RSUP-00092,SYNTHETIC_LOCAL_ONLY,APPROVED_SYNTHETIC,PORTFOLIO_MASTER_DATA_RULE,2024-09-01,
SG,SG-SUP-038,RSUP-00093,SYNTHETIC_LOCAL_ONLY,APPROVED_SYNTHETIC,PORTFOLIO_MASTER_DATA_RULE,2024-09-01,
SG,SG-SUP-039,RSUP-00094,SYNTHETIC_LOCAL_ONLY,APPROVED_SYNTHETIC,PORTFOLIO_MASTER_DATA_RULE,2024-09-01,
SG,SG-SUP-040,RSUP-00095,SYNTHETIC_LOCAL_ONLY,APPROVED_SYNTHETIC,PORTFOLIO_MASTER_DATA_RULE,2024-09-01,
SG,SG-SUP-041,RSUP-00096,SYNTHETIC_LOCAL_ONLY,APPROVED_SYNTHETIC,PORTFOLIO_MASTER_DATA_RULE,2024-09-01,
SG,SG-SUP-042,RSUP-00097,SYNTHETIC_LOCAL_ONLY,APPROVED_SYNTHETIC,PORTFOLIO_MASTER_DATA_RULE,2024-09-01,
SG,SG-SUP-043,RSUP-00098,SYNTHETIC_LOCAL_ONLY,APPROVED_SYNTHETIC,PORTFOLIO_MASTER_DATA_RULE,2024-09-01,
SG,SG-SUP-044,RSUP-00099,SYNTHETIC_LOCAL_ONLY,APPROVED_SYNTHETIC,PORTFOLIO_MASTER_DATA_RULE,2024-09-01,
SG,SG-SUP-045,RSUP-00100,SYNTHETIC_LOCAL_ONLY,APPROVED_SYNTHETIC,PORTFOLIO_MASTER_DATA_RULE,2024-09-01,
SG,SG-SUP-046,RSUP-00101,SYNTHETIC_LOCAL_ONLY,APPROVED_SYNTHETIC,PORTFOLIO_MASTER_DATA_RULE,2024-09-01,
SG,SG-SUP-047,RSUP-00102,SYNTHETIC_LOCAL_ONLY,APPROVED_SYNTHETIC,PORTFOLIO_MASTER_DATA_RULE,2024-09-01,
SG,SG-SUP-048,RSUP-00103,SYNTHETIC_LOCAL_ONLY,APPROVED_SYNTHETIC,PORTFOLIO_MASTER_DATA_RULE,2024-09-01,
SG,SG-SUP-049,RSUP-00104,SYNTHETIC_LOCAL_ONLY,APPROVED_SYNTHETIC,PORTFOLIO_MASTER_DATA_RULE,2024-09-01,
SG,SG-SUP-050,RSUP-00105,SYNTHETIC_LOCAL_ONLY,APPROVED_SYNTHETIC,PORTFOLIO_MASTER_DATA_RULE,2024-09-01,
SG,SG-SUP-051,RSUP-00106,SYNTHETIC_LOCAL_ONLY,APPROVED_SYNTHETIC,PORTFOLIO_MASTER_DATA_RULE,2024-09-01,
SG,SG-SUP-052,RSUP-00107,SYNTHETIC_LOCAL_ONLY,APPROVED_SYNTHETIC,PORTFOLIO_MASTER_DATA_RULE,2024-09-01,
SG,SG-SUP-053,RSUP-00108,SYNTHETIC_LOCAL_ONLY,APPROVED_SYNTHETIC,PORTFOLIO_MASTER_DATA_RULE,2024-09-01,
SG,SG-SUP-054,RSUP-00109,SYNTHETIC_LOCAL_ONLY,APPROVED_SYNTHETIC,PORTFOLIO_MASTER_DATA_RULE,2024-09-01,
SG,SG-SUP-055,RSUP-00110,SYNTHETIC_LOCAL_ONLY,APPROVED_SYNTHETIC,PORTFOLIO_MASTER_DATA_RULE,2024-09-01,
SG,SG-SUP-056,RSUP-00111,SYNTHETIC_LOCAL_ONLY,APPROVED_SYNTHETIC,PORTFOLIO_MASTER_DATA_RULE,2024-09-01,
SG,SG-SUP-057,RSUP-00112,SYNTHETIC_LOCAL_ONLY,APPROVED_SYNTHETIC,PORTFOLIO_MASTER_DATA_RULE,2024-09-01,
SG,SG-SUP-058,RSUP-00113,SYNTHETIC_LOCAL_ONLY,APPROVED_SYNTHETIC,PORTFOLIO_MASTER_DATA_RULE,2024-09-01,
SG,SG-SUP-059,RSUP-00114,SYNTHETIC_LOCAL_ONLY,APPROVED_SYNTHETIC,PORTFOLIO_MASTER_DATA_RULE,2024-09-01,
SG,SG-SUP-060,RSUP-00115,SYNTHETIC_LOCAL_ONLY,APPROVED_SYNTHETIC,PORTFOLIO_MASTER_DATA_RULE,2024-09-01,
ID,ID-SUP-001,RSUP-00001,SYNTHETIC_REGIONAL_GROUP,APPROVED_SYNTHETIC,PORTFOLIO_MASTER_DATA_RULE,2024-09-01,
ID,ID-SUP-002,RSUP-00002,SYNTHETIC_REGIONAL_GROUP,APPROVED_SYNTHETIC,PORTFOLIO_MASTER_DATA_RULE,2024-09-01,
ID,ID-SUP-003,RSUP-00003,SYNTHETIC_REGIONAL_GROUP,APPROVED_SYNTHETIC,PORTFOLIO_MASTER_DATA_RULE,2024-09-01,
ID,ID-SUP-004,RSUP-00004,SYNTHETIC_REGIONAL_GROUP,APPROVED_SYNTHETIC,PORTFOLIO_MASTER_DATA_RULE,2024-09-01,
ID,ID-SUP-005,RSUP-00005,SYNTHETIC_REGIONAL_GROUP,APPROVED_SYNTHETIC,PORTFOLIO_MASTER_DATA_RULE,2024-09-01,
ID,ID-SUP-006,RSUP-00006,SYNTHETIC_REGIONAL_GROUP,APPROVED_SYNTHETIC,PORTFOLIO_MASTER_DATA_RULE,2024-09-01,
ID,ID-SUP-007,RSUP-00007,SYNTHETIC_REGIONAL_GROUP,APPROVED_SYNTHETIC,PORTFOLIO_MASTER_DATA_RULE,2024-09-01,
ID,ID-SUP-008,RSUP-00008,SYNTHETIC_REGIONAL_GROUP,APPROVED_SYNTHETIC,PORTFOLIO_MASTER_DATA_RULE,2024-09-01,
ID,ID-SUP-009,RSUP-00009,SYNTHETIC_REGIONAL_GROUP,APPROVED_SYNTHETIC,PORTFOLIO_MASTER_DATA_RULE,2024-09-01,
ID,ID-SUP-010,RSUP-00010,SYNTHETIC_REGIONAL_GROUP,APPROVED_SYNTHETIC,PORTFOLIO_MASTER_DATA_RULE,2024-09-01,
ID,ID-SUP-011,RSUP-00011,SYNTHETIC_REGIONAL_GROUP,APPROVED_SYNTHETIC,PORTFOLIO_MASTER_DATA_RULE,2024-09-01,
ID,ID-SUP-012,RSUP-00012,SYNTHETIC_REGIONAL_GROUP,APPROVED_SYNTHETIC,PORTFOLIO_MASTER_DATA_RULE,2024-09-01,
ID,ID-SUP-013,RSUP-00013,SYNTHETIC_REGIONAL_GROUP,APPROVED_SYNTHETIC,PORTFOLIO_MASTER_DATA_RULE,2024-09-01,
ID,ID-SUP-014,RSUP-00014,SYNTHETIC_REGIONAL_GROUP,APPROVED_SYNTHETIC,PORTFOLIO_MASTER_DATA_RULE,2024-09-01,
ID,ID-SUP-015,RSUP-00015,SYNTHETIC_REGIONAL_GROUP,APPROVED_SYNTHETIC,PORTFOLIO_MASTER_DATA_RULE,2024-09-01,
ID,ID-SUP-016,RSUP-00016,SYNTHETIC_REGIONAL_GROUP,APPROVED_SYNTHETIC,PORTFOLIO_MASTER_DATA_RULE,2024-09-01,
ID,ID-SUP-017,RSUP-00017,SYNTHETIC_REGIONAL_GROUP,APPROVED_SYNTHETIC,PORTFOLIO_MASTER_DATA_RULE,2024-09-01,
ID,ID-SUP-018,RSUP-00018,SYNTHETIC_REGIONAL_GROUP,APPROVED_SYNTHETIC,PORTFOLIO_MASTER_DATA_RULE,2024-09-01,
ID,ID-SUP-019,RSUP-00019,SYNTHETIC_REGIONAL_GROUP,APPROVED_SYNTHETIC,PORTFOLIO_MASTER_DATA_RULE,2024-09-01,
ID,ID-SUP-020,RSUP-00020,SYNTHETIC_REGIONAL_GROUP,APPROVED_SYNTHETIC,PORTFOLIO_MASTER_DATA_RULE,2024-09-01,
ID,ID-SUP-021,RSUP-00021,SYNTHETIC_REGIONAL_GROUP,APPROVED_SYNTHETIC,PORTFOLIO_MASTER_DATA_RULE,2024-09-01,
ID,ID-SUP-022,RSUP-00022,SYNTHETIC_REGIONAL_GROUP,APPROVED_SYNTHETIC,PORTFOLIO_MASTER_DATA_RULE,2024-09-01,
ID,ID-SUP-023,RSUP-00023,SYNTHETIC_REGIONAL_GROUP,APPROVED_SYNTHETIC,PORTFOLIO_MASTER_DATA_RULE,2024-09-01,
ID,ID-SUP-024,RSUP-00024,SYNTHETIC_REGIONAL_GROUP,APPROVED_SYNTHETIC,PORTFOLIO_MASTER_DATA_RULE,2024-09-01,
ID,ID-SUP-025,RSUP-00025,SYNTHETIC_REGIONAL_GROUP,APPROVED_SYNTHETIC,PORTFOLIO_MASTER_DATA_RULE,2024-09-01,
ID,ID-SUP-026,RSUP-00116,SYNTHETIC_LOCAL_ONLY,APPROVED_SYNTHETIC,PORTFOLIO_MASTER_DATA_RULE,2024-09-01,
ID,ID-SUP-027,RSUP-00117,SYNTHETIC_LOCAL_ONLY,APPROVED_SYNTHETIC,PORTFOLIO_MASTER_DATA_RULE,2024-09-01,
ID,ID-SUP-028,RSUP-00118,SYNTHETIC_LOCAL_ONLY,APPROVED_SYNTHETIC,PORTFOLIO_MASTER_DATA_RULE,2024-09-01,
ID,ID-SUP-029,RSUP-00119,SYNTHETIC_LOCAL_ONLY,APPROVED_SYNTHETIC,PORTFOLIO_MASTER_DATA_RULE,2024-09-01,
ID,ID-SUP-030,RSUP-00120,SYNTHETIC_LOCAL_ONLY,APPROVED_SYNTHETIC,PORTFOLIO_MASTER_DATA_RULE,2024-09-01,
ID,ID-SUP-031,RSUP-00121,SYNTHETIC_LOCAL_ONLY,APPROVED_SYNTHETIC,PORTFOLIO_MASTER_DATA_RULE,2024-09-01,
ID,ID-SUP-032,RSUP-00122,SYNTHETIC_LOCAL_ONLY,APPROVED_SYNTHETIC,PORTFOLIO_MASTER_DATA_RULE,2024-09-01,
ID,ID-SUP-033,RSUP-00123,SYNTHETIC_LOCAL_ONLY,APPROVED_SYNTHETIC,PORTFOLIO_MASTER_DATA_RULE,2024-09-01,
ID,ID-SUP-034,RSUP-00124,SYNTHETIC_LOCAL_ONLY,APPROVED_SYNTHETIC,PORTFOLIO_MASTER_DATA_RULE,2024-09-01,
ID,ID-SUP-035,RSUP-00125,SYNTHETIC_LOCAL_ONLY,APPROVED_SYNTHETIC,PORTFOLIO_MASTER_DATA_RULE,2024-09-01,
ID,ID-SUP-036,RSUP-00126,SYNTHETIC_LOCAL_ONLY,APPROVED_SYNTHETIC,PORTFOLIO_MASTER_DATA_RULE,2024-09-01,
ID,ID-SUP-037,RSUP-00127,SYNTHETIC_LOCAL_ONLY,APPROVED_SYNTHETIC,PORTFOLIO_MASTER_DATA_RULE,2024-09-01,
ID,ID-SUP-038,RSUP-00128,SYNTHETIC_LOCAL_ONLY,APPROVED_SYNTHETIC,PORTFOLIO_MASTER_DATA_RULE,2024-09-01,
ID,ID-SUP-039,RSUP-00129,SYNTHETIC_LOCAL_ONLY,APPROVED_SYNTHETIC,PORTFOLIO_MASTER_DATA_RULE,2024-09-01,
ID,ID-SUP-040,RSUP-00130,SYNTHETIC_LOCAL_ONLY,APPROVED_SYNTHETIC,PORTFOLIO_MASTER_DATA_RULE,2024-09-01,
ID,ID-SUP-041,RSUP-00131,SYNTHETIC_LOCAL_ONLY,APPROVED_SYNTHETIC,PORTFOLIO_MASTER_DATA_RULE,2024-09-01,
ID,ID-SUP-042,RSUP-00132,SYNTHETIC_LOCAL_ONLY,APPROVED_SYNTHETIC,PORTFOLIO_MASTER_DATA_RULE,2024-09-01,
ID,ID-SUP-043,RSUP-00133,SYNTHETIC_LOCAL_ONLY,APPROVED_SYNTHETIC,PORTFOLIO_MASTER_DATA_RULE,2024-09-01,
ID,ID-SUP-044,RSUP-00134,SYNTHETIC_LOCAL_ONLY,APPROVED_SYNTHETIC,PORTFOLIO_MASTER_DATA_RULE,2024-09-01,
ID,ID-SUP-045,RSUP-00135,SYNTHETIC_LOCAL_ONLY,APPROVED_SYNTHETIC,PORTFOLIO_MASTER_DATA_RULE,2024-09-01,
ID,ID-SUP-046,RSUP-00136,SYNTHETIC_LOCAL_ONLY,APPROVED_SYNTHETIC,PORTFOLIO_MASTER_DATA_RULE,2024-09-01,
ID,ID-SUP-047,RSUP-00137,SYNTHETIC_LOCAL_ONLY,APPROVED_SYNTHETIC,PORTFOLIO_MASTER_DATA_RULE,2024-09-01,
ID,ID-SUP-048,RSUP-00138,SYNTHETIC_LOCAL_ONLY,APPROVED_SYNTHETIC,PORTFOLIO_MASTER_DATA_RULE,2024-09-01,
ID,ID-SUP-049,RSUP-00139,SYNTHETIC_LOCAL_ONLY,APPROVED_SYNTHETIC,PORTFOLIO_MASTER_DATA_RULE,2024-09-01,
ID,ID-SUP-050,RSUP-00140,SYNTHETIC_LOCAL_ONLY,APPROVED_SYNTHETIC,PORTFOLIO_MASTER_DATA_RULE,2024-09-01,
ID,ID-SUP-051,RSUP-00141,SYNTHETIC_LOCAL_ONLY,APPROVED_SYNTHETIC,PORTFOLIO_MASTER_DATA_RULE,2024-09-01,
ID,ID-SUP-052,RSUP-00142,SYNTHETIC_LOCAL_ONLY,APPROVED_SYNTHETIC,PORTFOLIO_MASTER_DATA_RULE,2024-09-01,
ID,ID-SUP-053,RSUP-00143,SYNTHETIC_LOCAL_ONLY,APPROVED_SYNTHETIC,PORTFOLIO_MASTER_DATA_RULE,2024-09-01,
ID,ID-SUP-054,RSUP-00144,SYNTHETIC_LOCAL_ONLY,APPROVED_SYNTHETIC,PORTFOLIO_MASTER_DATA_RULE,2024-09-01,
ID,ID-SUP-055,RSUP-00145,SYNTHETIC_LOCAL_ONLY,APPROVED_SYNTHETIC,PORTFOLIO_MASTER_DATA_RULE,2024-09-01,
ID,ID-SUP-056,RSUP-00146,SYNTHETIC_LOCAL_ONLY,APPROVED_SYNTHETIC,PORTFOLIO_MASTER_DATA_RULE,2024-09-01,
ID,ID-SUP-057,RSUP-00147,SYNTHETIC_LOCAL_ONLY,APPROVED_SYNTHETIC,PORTFOLIO_MASTER_DATA_RULE,2024-09-01,
ID,ID-SUP-058,RSUP-00148,SYNTHETIC_LOCAL_ONLY,APPROVED_SYNTHETIC,PORTFOLIO_MASTER_DATA_RULE,2024-09-01,
ID,ID-SUP-059,RSUP-00149,SYNTHETIC_LOCAL_ONLY,APPROVED_SYNTHETIC,PORTFOLIO_MASTER_DATA_RULE,2024-09-01,
ID,ID-SUP-060,RSUP-00150,SYNTHETIC_LOCAL_ONLY,APPROVED_SYNTHETIC,PORTFOLIO_MASTER_DATA_RULE,2024-09-01,
ID,ID-SUP-061,RSUP-00151,SYNTHETIC_LOCAL_ONLY,APPROVED_SYNTHETIC,PORTFOLIO_MASTER_DATA_RULE,2024-09-01,
ID,ID-SUP-062,RSUP-00152,SYNTHETIC_LOCAL_ONLY,APPROVED_SYNTHETIC,PORTFOLIO_MASTER_DATA_RULE,2024-09-01,
ID,ID-SUP-063,RSUP-00153,SYNTHETIC_LOCAL_ONLY,APPROVED_SYNTHETIC,PORTFOLIO_MASTER_DATA_RULE,2024-09-01,
ID,ID-SUP-064,RSUP-00154,SYNTHETIC_LOCAL_ONLY,APPROVED_SYNTHETIC,PORTFOLIO_MASTER_DATA_RULE,2024-09-01,
ID,ID-SUP-065,RSUP-00155,SYNTHETIC_LOCAL_ONLY,APPROVED_SYNTHETIC,PORTFOLIO_MASTER_DATA_RULE,2024-09-01,
ID,ID-SUP-066,RSUP-00156,SYNTHETIC_LOCAL_ONLY,APPROVED_SYNTHETIC,PORTFOLIO_MASTER_DATA_RULE,2024-09-01,
ID,ID-SUP-067,RSUP-00157,SYNTHETIC_LOCAL_ONLY,APPROVED_SYNTHETIC,PORTFOLIO_MASTER_DATA_RULE,2024-09-01,
ID,ID-SUP-068,RSUP-00158,SYNTHETIC_LOCAL_ONLY,APPROVED_SYNTHETIC,PORTFOLIO_MASTER_DATA_RULE,2024-09-01,
ID,ID-SUP-069,RSUP-00159,SYNTHETIC_LOCAL_ONLY,APPROVED_SYNTHETIC,PORTFOLIO_MASTER_DATA_RULE,2024-09-01,
ID,ID-SUP-070,RSUP-00160,SYNTHETIC_LOCAL_ONLY,APPROVED_SYNTHETIC,PORTFOLIO_MASTER_DATA_RULE,2024-09-01,
